x,y,h_mean
708923.7164,5369870.791,545.6996842
708916.185,5369928.356,548.4011613
708913.3047,5369950.261,549.9938293
708910.7026,5369970.129,550.8905091
708908.1178,5369989.999,550.9205521
708905.5558,5370009.872,549.4873274
708903.0117,5370029.747,547.927274
708900.485,5370049.625,550.1613758
705725.1331,5369507.667,850.8996727
708897.9564,5370069.502,554.1611592
705722.5096,5369527.532,853.6513112
708895.4286,5370089.38,558.5038845
705719.894,5369547.399,855.9446329
708892.9024,5370109.258,561.9867882
705717.2939,5369567.267,857.5609308
708890.3768,5370129.135,564.1444513
705714.7172,5369587.139,858.2527544
708887.8478,5370149.013,564.881816
705712.16,5369607.013,858.6283385
708885.2964,5370168.887,565.657692
705709.6544,5369626.894,860.2719619
708882.7165,5370188.757,565.8194534
705707.2042,5369646.783,863.4661335
708880.1213,5370208.626,565.3641306
705704.8286,5369666.174,866.450089
708877.5192,5370228.494,564.7526633
705702.4116,5369685.806,870.5774556
708874.9204,5370248.362,563.0674223
705699.848,5369706.448,875.8732991
708872.3369,5370268.232,559.8566187
705697.3389,5369726.328,881.0007342
708869.748,5370288.101,557.8201199
705694.7987,5369746.205,886.0710726
708867.1433,5370307.968,560.2976099
705692.1825,5369766.071,890.3968875
708864.6928,5370326.849,563.0469263
705689.4772,5369785.926,894.232462
705686.7413,5369805.777,898.520617
708859.5145,5370367.191,566.7089353
705684.0005,5369825.627,903.1207739
708856.9559,5370387.288,567.2340717
705681.64,5369842.805,906.5508142
708854.4127,5370407.344,566.9413663
705678.7304,5369864.313,911.651756
708851.9029,5370427.224,565.5184439
705675.9949,5369884.792,916.5386245
708849.3876,5370447.103,564.4088519
705673.363,5369905.07,921.048983
708846.8565,5370466.98,564.6372057
705670.8798,5369924.954,925.1059831
708844.3123,5370486.855,565.6775198
705668.4563,5369944.846,928.7914664
708841.7697,5370506.731,566.5381183
705666.0567,5369964.741,931.9063545
705663.6915,5369984.486,934.0471294
708836.7588,5370546.03,567.1066204
705661.2983,5370004.425,935.9180101
708834.1943,5370566.215,566.6542305
705658.8861,5370024.43,937.2784438
708831.6532,5370586.24,566.3129047
705656.4444,5370044.32,937.4661126
708829.1397,5370606.119,566.4361606
705653.9445,5370064.202,935.8396414
708826.6324,5370626,566.8588907
705651.4081,5370084.078,932.4372175
708824.1205,5370645.879,567.1539622
705648.8369,5370103.951,927.6556447
708821.6026,5370665.758,566.8191988
705646.2507,5370123.821,924.1546734
708819.0724,5370685.635,566.5049431
705643.6524,5370143.69,923.5106771
708816.5283,5370705.511,566.6142776
705641.0447,5370163.558,928.3730127
708814.0169,5370725.036,565.8791772
705638.4343,5370183.425,934.6816152
708811.4126,5370745.015,565.5769905
705635.9541,5370202.474,937.2816354
708808.7812,5370765.121,564.2246484
705633.3275,5370222.674,938.3116869
708806.1849,5370784.99,561.7148348
705630.6848,5370243.038,937.4815329
708803.5938,5370804.859,558.764009
705628.1129,5370262.91,934.4500359
708801.009,5370824.729,556.3945704
705625.5486,5370282.783,929.8368961
708798.4338,5370844.6,554.3634658
705622.9899,5370302.657,923.9341685
708795.8695,5370864.472,552.824868
705620.4374,5370322.532,916.6590514
708793.3426,5370884.35,550.3700572
705617.8897,5370342.407,909.1599506
708790.8474,5370904.232,548.3785941
705615.3467,5370362.284,901.7739813
708788.3507,5370924.114,548.3828026
705612.8086,5370382.16,894.8858489
708785.8577,5370943.996,548.8556493
705610.2771,5370402.038,889.2581371
708783.3701,5370963.878,549.4719643
705607.7488,5370421.916,884.0246852
708780.8864,5370983.762,549.4085131
705605.2234,5370441.794,878.7741955
705602.7003,5370461.673,874.0697962
705600.1772,5370481.552,869.5286028
705597.6521,5370501.43,863.0384487
708770.8687,5371063.284,546.4352668
705595.2109,5370520.632,855.533295
708768.3363,5371083.161,545.0756391
705592.6481,5370540.773,848.5995546
708765.7808,5371103.034,544.6678833
705590.0644,5370561.064,841.461499
708763.2151,5371122.907,544.3116325
705587.5274,5370580.941,834.9962771
708760.6387,5371142.778,544.0344609
705584.9863,5370600.817,830.0078737
708758.0477,5371162.647,544.1656317
705582.4409,5370620.693,826.3604419
708755.4371,5371182.513,545.2972713
705579.8905,5370640.568,821.5268784
708752.8292,5371202.381,545.8118215
705577.3296,5370660.442,814.3475483
708750.2301,5371222.249,545.2545661
705574.7494,5370680.313,805.1701652
708747.6412,5371242.118,544.0644063
705572.1619,5370700.183,794.4604031
708745.0631,5371261.989,542.6369453
705569.5575,5370720.051,780.2941386
708742.4887,5371281.86,541.4219335
708739.9254,5371301.733,540.8256948
708737.3863,5371321.609,540.8207765
708734.8489,5371341.485,540.9060821
708732.3065,5371361.36,540.9560643
705556.3742,5370819.369,737.8564742
708729.7548,5371381.235,541.1124464
705553.7371,5370839.233,744.1060869
708727.2745,5371400.424,541.1968596
705551.1109,5370859.098,752.6169216
708724.68,5371420.397,541.1444117
705548.4904,5370878.964,760.4889781
708721.9974,5371440.844,541.153242
705545.8902,5370898.833,763.409054
705543.3056,5370918.703,763.8376815
705540.7379,5370938.576,762.9858393
708714.0712,5371500.232,541.5775126
705538.1827,5370958.451,762.2083533
708711.4025,5371520.29,542.2424577
705535.6421,5370978.327,761.2798446
708708.7771,5371540.154,543.5054359
705533.1111,5370998.205,760.2291106
708706.1778,5371560.023,544.3256513
705530.5891,5371018.084,759.3549474
705528.0707,5371037.963,758.3004842
708701.1331,5371599.778,541.7377118
705525.551,5371057.842,755.2376262
708698.6845,5371619.667,538.0964571
705523.0318,5371077.722,750.5976554
708696.2412,5371639.555,534.8296483
705520.5149,5371097.601,746.6264463
705518.5191,5371113.388,747.7261354
708693.7934,5371659.443,532.3191028
705516.627,5371128.358,750.727317
708691.3331,5371679.33,530.6825917
708688.8507,5371699.213,530.0156174
705513.1668,5371155.674,756.8530313
708686.34,5371719.093,529.6574381
705510.4489,5371177.12,759.0434558
708683.7872,5371738.967,529.3535568
705507.9296,5371196.999,759.3903276
708681.3656,5371757.545,529.2862279
705505.3988,5371216.877,758.9489536
708678.9022,5371776.307,530.0859225
705502.8496,5371236.752,758.0928551
708675.9635,5371798.567,531.5088878
705500.2749,5371256.624,757.1942883
708673.3426,5371818.433,532.0177183
705497.6781,5371276.493,756.268816
708670.7269,5371838.299,531.8371209
705495.0601,5371296.359,755.4069899
708668.1236,5371858.166,531.2288459
705492.4102,5371316.221,754.250239
708665.5432,5371878.037,530.2354688
705489.7123,5371336.077,752.5816561
708663.0114,5371897.664,529.9411633
705487.0004,5371355.931,751.2157141
708660.4352,5371917.644,530.2402687
705484.2971,5371375.785,750.0402747
708657.8539,5371937.655,531.0474907
705481.6172,5371395.643,748.6851659
708655.2912,5371957.528,531.821295
705478.9639,5371415.505,746.9336477
705476.3467,5371435.371,745.0096333
705473.8931,5371454.302,742.7599059
708647.988,5372014.074,531.231953
705471.3684,5371474.523,738.9153834
708645.3406,5372034.425,530.7423187
705468.8449,5371495.016,734.8653904
708642.413,5372056.883,530.2201781
705466.4095,5371514.907,731.2183555
708639.9219,5372076.034,529.3390063
708637.3157,5372096.124,527.9208785
705461.498,5371554.682,724.8460668
708634.6845,5372116.496,525.6504819
705459.0078,5371574.565,722.1668923
708632.1354,5372136.371,522.1876712
705456.4461,5371594.438,718.534933
708629.5969,5372156.246,518.4540828
705453.8033,5371614.301,715.1263126
708627.0582,5372176.123,517.4908516
705451.1023,5371634.157,711.8258606
708624.5751,5372195.464,518.4579528
705448.3745,5371654.008,707.2571287
708621.991,5372215.59,518.8747105
705445.6447,5371673.859,700.6945231
708619.3989,5372235.745,518.9302721
705442.9245,5371693.712,692.0557084
708616.8332,5372255.617,518.7226966
705440.2316,5371713.568,680.231659
708614.256,5372275.488,518.5746721
705437.579,5371733.43,668.2840853
708611.6546,5372295.356,518.7041803
705434.9753,5371753.298,656.9067688
708609.0305,5372315.221,518.9570419
708606.5354,5372334.009,519.1511531
705429.9737,5371793.061,633.5332746
708603.8271,5372354.367,519.149925
705427.4916,5371812.945,624.8183718
708601.1083,5372374.808,518.5997603
708598.4719,5372394.671,516.8187949
705422.4992,5371852.71,608.3375767
708595.8364,5372414.534,514.8964811
705419.9729,5371872.588,598.0841031
708593.3066,5372433.557,515.0118772
705417.3844,5371892.458,590.7300054
705824.0357,5369500.568,830.3562114
708590.6323,5372453.775,515.4868119
705821.3538,5369520.426,835.7128515
708587.9399,5372474.125,515.8456987
705818.6662,5369540.283,841.362137
708585.3076,5372493.989,516.0841673
705815.9783,5369560.14,847.5407501
705406.684,5371971.892,575.453806
708582.6711,5372513.852,516.2491903
705813.2972,5369579.998,852.5780254
708580.1144,5372533.029,516.4361724
705403.9945,5371991.749,574.5358044
705810.6257,5369599.857,856.6307767
708577.4328,5372553.13,516.5508738
705807.9765,5369619.719,860.3763081
708574.7577,5372573.02,516.5839355
705398.6771,5372031.47,576.3037749
705805.363,5369639.586,863.9501886
708572.0675,5372592.861,516.5108051
705802.7698,5369659.456,867.4292862
708569.3185,5372613.144,516.4219575
705800.186,5369679.326,871.0209986
708566.6439,5372633.002,516.0665377
705797.6068,5369699.198,874.8339533
708563.9934,5372652.864,515.8231008
705795.0273,5369719.069,878.6639076
708561.3634,5372672.727,515.9320694
705792.4433,5369738.94,883.1503472
705383.184,5372150.696,563.9022339
708558.795,5372692.326,516.5942293
705789.8469,5369758.809,888.085077
708556.2446,5372712.197,516.5348159
705378.5978,5372185.885,564.0541531
705787.2324,5369778.676,892.680277
708553.7017,5372732.35,515.6643164
705784.5999,5369798.54,897.1463915
705375.4739,5372209.546,562.3218192
705781.96,5369818.403,901.1685533
705372.7474,5372230.165,560.1510148
705779.3148,5369838.266,904.6186095
705776.6663,5369858.128,907.5267623
708543.7887,5372811.668,510.1447096
705774.0171,5369877.99,909.6730893
708541.2684,5372831.364,510.1804679
708538.6706,5372851.395,510.2387624
705359.3471,5372329.454,529.4064952
708536.0089,5372871.225,512.2100257
705353.9418,5372369.164,528.5553002
705760.84,5369977.309,902.6191682
705351.2616,5372389.022,528.9694821
708527.8932,5372930.659,519.2772233
705758.2164,5369997.175,900.1010573
705348.6172,5372408.885,528.7836824
708525.1035,5372950.896,523.4849305
705755.5938,5370017.04,897.0836903
705345.9959,5372428.751,528.73172
708522.3696,5372970.747,528.4372437
705343.4071,5372448.621,528.7105612
708519.6535,5372990.599,532.3122246
708516.9977,5373010.459,534.4805057
708923.9578,5370618.693,560.3715097
705338.3968,5372488.021,528.2263954
708514.3483,5373030.321,537.6530606
708921.3324,5370638.558,560.3877196
705335.8758,5372508.022,528.4803708
708511.7143,5373050.184,541.4839717
708918.7073,5370658.423,560.5692915
705333.3324,5372528.138,528.6592343
708509.0961,5373070.05,544.0899164
708916.0851,5370678.287,560.4749625
705330.8009,5372548.015,528.8484202
708506.5373,5373089.696,543.9893828
705328.2453,5372567.89,529.0424052
708503.9393,5373109.655,543.7804045
705325.6519,5372587.759,529.2356723
708501.3351,5373129.658,543.6018668
705323.0003,5372607.621,529.4226875
708498.7446,5373149.528,543.477376
708905.6283,5370757.752,555.6286126
705320.309,5372627.478,529.6015787
708496.1429,5373169.395,543.5464667
708903.0222,5370777.618,552.8523811
705317.6961,5372646.562,529.6768525
708493.523,5373189.26,543.7866685
708900.4057,5370797.484,551.0859418
705314.9356,5372666.658,529.7902164
708490.8799,5373209.122,544.03889
705312.1343,5372687.033,529.9482105
708488.2153,5373228.982,544.2218749
705718.5952,5370295.121,865.6670064
705309.4088,5372706.885,530.1171752
708485.5334,5373248.838,544.2728888
705715.9327,5370314.981,861.53805
705306.6943,5372726.739,530.2593333
708482.8222,5373268.692,544.2998139
705304.0124,5372746.596,530.4141531
708480.078,5373288.541,544.692996
705301.3591,5372766.458,530.5743615
708477.3619,5373308.044,544.8564388
705298.7207,5372786.321,530.7122895
708474.5843,5373328.006,544.9234726
705296.0933,5372806.186,530.8552757
708471.7988,5373348.081,545.0993619
705293.4734,5372826.052,530.9857666
708469.062,5373367.93,545.4040523
708876.5964,5370976.241,547.9860256
705290.8571,5372845.919,531.1290584
708466.3465,5373387.783,545.691979
708873.9611,5370996.104,546.9847686
705288.2412,5372865.785,531.2817638
708463.6624,5373407.64,545.938212
705285.616,5372885.65,531.4325224
708461.025,5373427.503,546.2381139
705283.0198,5372905.208,531.6109724
708458.4257,5373447.371,546.5074751
705280.3577,5372925.236,531.7523914
708455.8453,5373467.241,546.7108556
705686.9822,5370533.489,810.053217
705277.6954,5372945.24,531.8623572
708453.274,5373487.113,546.6059653
705684.3518,5370553.353,803.2049893
705275.0493,5372965.102,531.9629255
708450.696,5373506.984,547.8748318
705272.401,5372984.964,532.0407433
708448.1098,5373526.853,548.5603564
708855.5712,5371135.154,537.9667371
705269.751,5373004.826,532.0878856
708445.5238,5373546.723,549.2221011
708852.8854,5371155.011,536.4562124
705267.1214,5373024.562,532.2046189
708442.8983,5373566.587,549.0562543
708850.155,5371174.861,536.2009604
705264.4713,5373044.469,532.319789
708440.2502,5373586.449,548.5454321
708847.404,5371194.709,536.4763467
705261.8163,5373064.414,532.4138975
708437.5915,5373606.309,548.24859
708844.6486,5371214.556,536.9584905
705259.2035,5373084.044,532.4780459
708434.9136,5373626.166,548.5936971
708841.8995,5371234.405,537.290145
705256.5485,5373103.992,532.6074934
708432.2294,5373646.023,548.7417358
708839.1612,5371254.254,537.4031262
705662.6808,5370712.186,746.3892439
705253.8854,5373124.002,532.7555803
708429.5412,5373665.879,548.9216491
708836.4387,5371274.106,537.4774378
705659.9742,5370732.041,738.8167869
705251.2579,5373143.751,532.9471319
708426.8512,5373685.735,548.9753268
708833.7427,5371293.961,537.6039092
705657.299,5370751.899,731.1419525
705248.6082,5373163.632,533.0757167
708831.076,5371313.82,537.7239689
705245.9444,5373183.589,533.1689562
708421.5098,5373725.452,547.7149568
708828.4368,5371333.683,537.9193559
705243.2946,5373203.451,533.2776371
708825.8141,5371353.548,538.0507131
705649.4543,5370811.499,712.9446868
705240.6474,5373223.313,533.3670122
708416.2458,5373764.76,546.4733792
708823.1996,5371373.414,538.1284547
705646.8469,5370831.366,710.5874981
705238.0028,5373243.176,533.3867746
708413.5683,5373784.873,544.3475479
708820.5905,5371393.28,538.0791415
705644.2289,5370851.232,710.0805099
705235.4129,5373262.65,533.058425
708410.903,5373804.896,542.5095648
708817.9814,5371413.147,537.9748815
705641.5992,5370871.097,712.21447
705232.7447,5373282.7,532.6026347
708408.2633,5373824.758,540.5182709
708815.3722,5371433.014,537.0276655
705638.9341,5370890.957,715.6578452
705230.0837,5373302.766,532.2889824
708405.6241,5373844.621,538.3104713
705227.4595,5373322.631,532.2579061
708402.9796,5373864.483,536.7316381
705224.8249,5373342.495,532.3015069
708400.3311,5373884.345,536.0010579
705222.1723,5373362.356,532.4024699
708397.6818,5373904.206,535.673651
708804.8272,5371512.466,527.9011116
705628.051,5370970.367,722.8711846
705219.4996,5373382.215,532.5624883
708395.0337,5373924.067,535.4624637
708802.1415,5371532.322,527.9901633
705216.8251,5373401.833,532.6659632
708392.3839,5373943.929,535.7979606
708799.4453,5371552.178,528.3955687
705214.0857,5373421.783,532.7908373
708389.7333,5373963.79,536.3687871
708796.7396,5371572.031,528.6930857
705211.298,5373441.768,532.966109
708387.0845,5373983.651,536.8592728
708794.0232,5371591.884,528.7536071
705617.2296,5371049.786,715.6562222
705208.4881,5373461.608,533.1280025
708384.4384,5374003.513,537.0757903
708791.3019,5371611.736,528.7018903
705614.5843,5371069.648,711.4125265
705205.6622,5373481.447,533.2798144
708788.5825,5371631.588,528.6393421
705611.9426,5371089.511,706.8637377
705202.8409,5373501.286,533.4462719
708785.8681,5371651.44,528.6822743
705609.3041,5371109.375,703.4863843
705200.0337,5373521.127,533.531455
708783.1612,5371671.294,528.6569794
705197.254,5373540.972,533.5560897
708780.4657,5371691.15,528.598226
705604.0135,5371149.1,714.9297501
705194.499,5373560.82,533.5942533
708371.0963,5374102.807,544.581137
708777.7813,5371711.006,528.6823152
705601.3558,5371168.961,721.5896942
705191.7977,5373580.675,533.6856564
708368.4055,5374122.663,546.3751284
708775.1141,5371730.865,528.7464318
705189.1558,5373600.538,533.8998617
708365.7067,5374142.517,548.1167809
708772.4677,5371750.726,528.6987382
705186.5501,5373620.406,534.191463
708363.0004,5374162.371,549.0439049
708769.8226,5371770.589,528.6287489
705183.9573,5373640.275,534.237083
708360.286,5374182.224,549.3960663
708767.1749,5371790.45,528.6747252
705181.369,5373660.145,533.5573276
708357.5581,5374202.075,549.4931369
708764.5189,5371810.31,528.7612344
705178.7749,5373680.015,531.6076584
708354.8187,5374221.924,549.5565283
708761.8537,5371830.17,528.8144783
705176.1685,5373699.882,529.6626335
708352.0712,5374241.773,549.6117132
708759.1736,5371850.027,528.9299501
705582.364,5371307.936,727.6142296
705173.5349,5373719.746,528.6836651
708349.3097,5374261.619,549.4203779
708756.4723,5371869.882,529.014767
705579.6651,5371327.791,724.5683948
705170.8496,5373739.604,528.7063476
708346.5254,5374281.462,549.1631104
708753.7433,5371889.732,529.1328726
705576.9808,5371347.649,722.71599
705168.1383,5373759.457,529.0034748
708343.742,5374301.306,549.229713
705574.3015,5371367.507,720.2941377
708340.965,5374321.15,549.65531
705571.6277,5371387.365,717.6732961
708338.2084,5374340.997,550.0075188
705568.9562,5371407.224,715.6669997
705159.9846,5373818.773,526.897614
708335.4689,5374360.847,550.2498133
705566.2846,5371427.083,713.9226671
708332.7479,5374380.699,550.4946697
705563.6099,5371446.942,711.8759009
705154.7686,5373856.81,526.8481142
708330.0536,5374400.554,550.7600686
708737.3867,5372008.839,525.2059754
708327.4265,5374420.418,551.0841243
708734.7153,5372028.698,522.8797646
705149.2834,5373897.643,529.5292249
708324.8055,5374440.283,551.1761295
708732.0477,5372048.557,520.7256788
705555.5527,5371506.514,703.0531264
705146.5148,5373918.296,530.5567543
708322.1755,5374460.147,551.1376056
705143.8486,5373938.156,530.6548871
708319.5233,5374480.008,551.0541685
705550.3557,5371544.542,695.0675107
705141.1727,5373958.014,530.5457761
708316.8372,5374499.864,550.860398
708724.0221,5372108.13,517.187699
705547.5148,5371565.157,690.8560224
705138.4839,5373977.871,530.3901729
708721.3261,5372127.985,517.5373689
705544.6446,5371585.92,686.922377
705135.7755,5373997.725,530.3757634
708718.6194,5372147.839,517.9207555
705541.8793,5371605.767,683.4229426
705133.0415,5374017.576,530.1404333
708308.5208,5374559.213,550.896178
708715.9621,5372167.135,518.2601477
705539.0968,5371625.611,679.3493864
705130.4577,5374036.133,529.9070722
708305.8222,5374577.752,551.0443773
708713.1947,5372187.214,518.5055597
708303.8075,5374591.546,551.1558003
705127.5969,5374056.58,530.3868792
708710.4117,5372207.389,518.6265995
708299.9744,5374617.887,551.5961179
708707.672,5372227.238,518.8178155
705122.1217,5374095.577,530.5527829
708297.0446,5374638.243,552.034221
708704.9323,5372247.087,519.1747633
705119.3016,5374115.645,530.313098
708294.1562,5374658.558,552.5507182
708702.1983,5372266.937,519.2478534
705116.4156,5374136.247,531.4709655
708291.3955,5374678.404,553.1015392
708699.4747,5372286.789,519.0752222
705113.604,5374156.384,532.7020872
708288.7149,5374698.261,553.8789808
708696.7661,5372306.643,518.6829613
705110.8322,5374176.338,533.8079824
708286.0981,5374718.127,554.9002196
705108.0906,5374196.187,537.5134087
708283.508,5374737.996,555.759273
705105.5524,5374214.731,546.9304687
708280.9319,5374757.867,556.5808747
708688.6584,5372366.205,516.4655923
705102.7738,5374235.151,555.5437634
708278.3529,5374777.738,557.9205157
708685.9508,5372386.059,515.6605647
705099.9844,5374255.752,560.9595305
708275.7599,5374797.606,559.8362218
708683.2353,5372405.911,515.4262982
705097.3086,5374275.611,563.8854778
708680.5055,5372425.762,515.6389836
705094.6941,5374295.204,565.3002775
708270.4745,5374837.33,562.7874276
708677.7597,5372445.611,515.9967265
705092.0353,5374315.188,567.5342914
708267.7619,5374857.184,562.897153
705089.3758,5374335.199,570.2241946
708265.034,5374877.035,562.1317377
705086.7343,5374355.062,573.7918677
705084.0864,5374374.924,577.7540615
705081.4256,5374394.784,581.3648989
708256.8264,5374936.091,556.4401706
705078.7479,5374414.643,584.0165369
708254.0069,5374956.188,556.1278693
705076.0517,5374434.499,585.1041256
708251.1995,5374976.263,556.0320904
705073.3319,5374454.351,585.185221
708248.4317,5374996.109,556.321284
705070.5889,5374474.201,585.1322687
708245.6694,5375015.955,556.6024632
705067.821,5374494.047,585.0182736
708242.9171,5375035.803,556.1867586
708650.6368,5372644.14,509.9203255
705065.0295,5374513.89,586.4401619
708240.1776,5375055.652,554.5861924
708647.9311,5372663.994,509.873756
705062.2161,5374533.73,589.9981943
708237.4506,5375075.503,552.1239265
708645.2135,5372683.846,509.9379123
705059.3857,5374553.568,594.7633763
708234.7241,5375095.354,550.1870004
708642.4747,5372703.696,509.9674512
705056.5333,5374573.404,601.7742553
708232.004,5375115.206,548.0604422
708639.7053,5372723.541,509.975541
705053.6582,5374593.235,601.4420337
708229.2877,5375135.058,545.4512288
708636.9192,5372743.385,509.9962951
708226.5963,5375154.914,539.9245672
705050.7878,5374613.068,598.5300432
708634.3852,5372761.397,510.2636764
708223.9058,5375174.77,534.6381745
705047.9309,5374632.903,595.6921823
705454.6105,5372241.02,531.7405558
708221.2021,5375194.624,531.6941073
705045.0959,5374652.74,596.510221
708218.4824,5375214.476,531.4107873
705042.2849,5374672.581,598.3635687
708625.7638,5372822.756,516.2585374
708215.7553,5375234.326,532.5295306
705039.5025,5374692.425,599.5060204
708623.0066,5372842.603,517.3347702
708213.025,5375254.177,534.1339843
705036.7559,5374712.274,600.0566575
708620.2926,5372862.456,519.40402
705034.1681,5374731.395,601.7478858
708210.2719,5375274.025,539.1012094
705031.4453,5374751.612,603.6698617
708207.5196,5375293.872,543.8952694
705028.7289,5374771.849,605.5375337
708204.7762,5375313.721,547.3402396
705026.0682,5374791.71,606.9892208
708202.137,5375332.929,548.165412
705023.404,5374811.57,608.0114928
708199.3742,5375353.061,548.3251068
705430.0741,5372419.687,527.4111853
705020.7329,5374831.429,609.4005787
708196.5991,5375373.275,548.2834531
705427.3352,5372439.537,527.6766543
705018.037,5374851.285,611.1733877
708193.872,5375393.126,548.2523251
705424.5753,5372459.384,528.3697197
705015.3092,5374871.136,613.0388809
708191.1761,5375412.706,548.5204688
705421.7913,5372479.228,529.2825197
705012.5686,5374890.986,614.890506
708188.4312,5375432.617,548.7399952
705419.0033,5372499.072,529.6796287
705010.1777,5374908.219,616.9260293
708185.6627,5375452.675,548.9023999
705416.2155,5372518.915,529.7925816
708592.6815,5373060.921,550.193901
705007.1903,5374929.69,619.473009
708182.9982,5375471.916,549.298631
705413.4331,5372538.76,529.8526591
705004.3296,5374950.231,621.2823364
708180.2355,5375491.83,549.6584558
705410.6572,5372558.605,529.9487169
708587.0814,5373100.604,550.7872614
705001.521,5374970.374,621.8224596
708177.4027,5375512.217,549.6025809
705407.8942,5372578.452,529.9176761
708584.3074,5373120.448,549.315561
704998.7576,5374990.221,621.0430188
708174.6406,5375532.064,549.4312118
705405.1566,5372598.302,530.0060761
708581.572,5373140.298,549.6160029
704996.1211,5375009.305,617.6072979
708171.8737,5375551.909,549.1438092
705402.442,5372618.156,530.213945
708578.859,5373160.151,549.7290352
704993.3235,5375029.533,612.5771967
708169.1052,5375571.755,547.9173621
705399.7324,5372638.01,530.4108232
708576.1533,5373180.005,549.8297021
704990.523,5375049.769,607.7815837
708166.3352,5375591.6,546.2059198
705397.0235,5372657.864,530.5796714
708573.4485,5373199.859,549.8418776
704987.7728,5375069.618,604.4826485
708163.5574,5375611.444,544.6702699
705394.3106,5372677.717,530.7608369
708570.741,5373219.713,549.7774319
704985.0177,5375089.466,602.9941004
708160.7727,5375631.288,543.4953003
705391.5892,5372697.57,530.8906444
708568.026,5373239.565,549.4726747
704982.2588,5375109.313,604.0843471
708157.9813,5375651.13,542.8012972
705388.8577,5372717.421,531.0999389
708565.2987,5373259.416,548.8555834
704979.4894,5375129.159,606.5169415
705386.1021,5372737.269,531.3755227
708562.5469,5373279.264,548.355028
704976.7036,5375149.003,607.6256742
705383.3237,5372757.114,531.4936289
708559.7642,5373299.108,548.3223709
704973.9147,5375168.846,608.1313124
708149.6052,5375710.657,538.7072476
705380.5367,5372776.957,531.5097456
708556.9682,5373318.95,548.7638948
704971.1277,5375188.69,608.3454356
708146.8152,5375730.5,537.4372838
705377.7453,5372796.801,531.4458245
708554.1632,5373338.79,549.5718128
704968.3463,5375208.535,608.512243
708144.0213,5375750.342,537.5364219
705374.9538,5372816.644,531.4509223
708551.3514,5373358.63,551.0581957
704965.5734,5375228.38,609.3580245
708141.2325,5375770.185,537.5443379
705372.1651,5372836.487,531.4096402
708548.537,5373378.469,553.2626888
704962.8109,5375248.227,611.0893228
708138.5038,5375789.677,537.5168275
705369.3802,5372856.331,531.231199
708545.7311,5373398.31,554.955186
704960.0646,5375268.076,613.1156984
708135.7209,5375809.602,537.5735757
705366.6132,5372876.178,531.1461658
708542.9454,5373418.153,555.8013692
704957.3387,5375287.928,614.9870861
708132.917,5375829.72,537.9752967
705363.8627,5372896.026,531.2327556
704954.6253,5375307.782,617.2904587
708130.1619,5375849.567,538.1999507
705361.1167,5372915.875,531.4383709
704951.9202,5375327.636,620.607665
708127.4186,5375869.416,538.1525147
705358.3709,5372935.725,531.6174872
708124.6851,5375889.266,538.0565573
704949.2201,5375347.491,624.2609731
705355.6228,5372955.573,531.6989914
708121.9592,5375909.117,537.9019147
704946.5217,5375367.347,628.0577348
705352.8698,5372975.422,531.8565578
708119.2408,5375928.969,537.5176382
704943.8229,5375387.202,631.7513269
705350.1118,5372995.269,532.0473251
708116.5295,5375948.822,537.1007553
704941.1176,5375407.057,634.8068407
705347.3393,5373015.115,532.1925153
704938.4,5375426.91,637.1591638
705344.5485,5373034.958,532.3324668
704935.6747,5375446.762,639.5306052
705341.7541,5373054.801,532.4176673
704932.9447,5375466.613,642.4639802
705338.9607,5373074.644,532.5520335
708515.5868,5373616.652,561.9777426
704930.2674,5375486.021,645.9754781
705336.1718,5373094.487,532.730114
708512.8564,5373636.502,561.8834011
704927.4921,5375506.094,649.602938
705333.3894,5373114.332,532.894732
704924.7119,5375526.161,653.2053184
705330.6149,5373134.177,532.9907274
704921.9555,5375546.009,655.6570306
705327.8591,5373154.025,533.0851383
704919.1976,5375565.856,656.5812178
705325.1206,5373173.875,533.1988105
704916.4335,5375585.703,657.7093295
705322.3921,5373193.727,533.3332228
704913.6557,5375605.548,660.9560494
705319.6633,5373213.578,533.5201381
708496.2119,5373755.571,558.4566708
704910.8674,5375625.392,665.6130459
705316.9311,5373233.429,533.7029275
708493.4251,5373775.414,556.6834433
704908.1379,5375644.642,668.8720581
705314.1909,5373253.279,533.8605111
708490.6412,5373795.257,555.2855723
704905.2651,5375664.812,671.1385236
705311.4451,5373273.128,534.0083543
708487.859,5373815.101,554.7400213
704902.3969,5375684.909,673.028984
705308.6754,5373292.974,534.1265779
704899.625,5375704.05,674.7670861
705305.8854,5373312.818,534.2488491
704896.6987,5375724.229,677.1933036
705303.0843,5373332.659,534.2538445
704893.7733,5375744.405,679.2096156
705300.2842,5373352.501,533.9954585
704890.9038,5375764.238,680.2432419
705297.4898,5373372.344,533.4921415
704888.0459,5375784.072,680.887822
705294.7054,5373392.188,532.9149065
704885.2047,5375803.908,681.6121189
705291.9311,5373412.034,532.5287066
704882.3861,5375823.748,683.0605191
705289.1804,5373431.882,532.5693536
704879.5977,5375843.591,685.3210637
705286.4571,5373451.734,532.9417811
704876.8365,5375863.438,687.6307737
705283.7494,5373471.589,533.2130575
704874.0979,5375883.289,689.3043927
705281.0407,5373491.443,533.2857651
708457.654,5374033.435,548.8188945
704871.3761,5375903.141,690.2446474
705278.3243,5373511.296,533.3471276
708454.8755,5374053.279,549.1539983
704868.67,5375922.995,690.7762791
705275.5953,5373531.147,533.3557931
708452.094,5374073.122,549.4853404
704865.9744,5375942.851,691.121135
708449.3109,5374092.966,549.7638885
705270.0827,5373570.843,532.3591165
708446.5273,5374112.809,550.000398
705267.2733,5373590.684,530.6341867
708443.7437,5374132.653,550.2954863
705264.443,5373610.522,529.3464612
708440.9628,5374152.496,550.5825077
705261.61,5373630.359,528.3407817
708438.1868,5374172.341,550.9955912
705258.7803,5373650.197,527.890249
708435.4182,5374192.187,551.2547496
705255.9704,5373670.038,526.8658894
708432.6581,5374212.033,551.3177642
705253.1694,5373689.88,526.2703124
708429.9054,5374231.881,551.3628067
705250.4005,5373709.726,526.3766513
708427.1645,5374251.73,551.2765464
705247.6723,5373729.577,526.4887892
708424.4331,5374271.581,551.2442506
705244.9725,5373749.433,526.6451247
708421.7092,5374291.432,551.2870355
705242.2857,5373769.29,528.5173449
708418.9866,5374311.283,551.2287249
705239.6016,5373789.147,530.1320159
705236.9131,5373809.004,530.1402406
705234.2187,5373828.86,530.0364515
705231.5046,5373848.713,530.0111375
705228.7634,5373868.563,530.2178671
705225.9951,5373888.409,530.4094327
705223.2133,5373908.254,530.2838835
705220.4211,5373928.097,530.1290425
705217.6235,5373947.939,529.9671869
705214.8238,5373967.781,529.807369
705212.0264,5373987.623,529.694072
708388.6566,5374529.6,554.6978963
705209.2369,5374007.467,529.7142653
708385.9146,5374549.449,555.0081943
705206.4585,5374027.312,529.5783804
705203.6858,5374047.157,529.4630445
705200.9217,5374067.004,529.8705686
705198.1638,5374086.852,530.2264417
705195.412,5374106.7,530.0956291
705192.6639,5374126.549,530.2875719
708369.3954,5374668.535,556.6220053
705189.9235,5374146.399,531.2725915
708366.5921,5374688.376,556.6685172
705187.1885,5374166.25,533.4133619
708363.7654,5374708.213,556.6720817
705184.449,5374186.099,540.5092992
705181.7029,5374205.949,548.3094472
705178.9474,5374225.796,553.4784119
708355.297,5374767.728,557.2972192
708352.5014,5374787.57,557.3853919
708349.7162,5374807.413,557.8564458
708346.9694,5374827.262,558.3128061
708344.2503,5374847.114,558.5223772
705164.9622,5374325.008,564.8968427
705162.1511,5374344.849,568.6908813
705159.3489,5374364.691,574.673643
705156.5633,5374384.535,580.9101519
705153.7935,5374404.381,583.4008367
705151.0563,5374424.231,584.2152121
705148.351,5374444.086,584.5255607
705145.6542,5374463.941,584.6300783
705142.9614,5374483.797,584.7927285
708319.8334,5375025.789,556.5820354
705140.267,5374503.653,586.5101048
705129.3439,5374583.058,591.5288564
705126.564,5374602.903,591.4014777
705123.7803,5374622.747,592.6969882
705120.9967,5374642.591,594.6581938
705118.2185,5374662.436,597.38715
705115.4477,5374682.282,599.3316402
708292.2154,5375224.253,534.9191944
708289.5286,5375244.109,531.686443
705112.6952,5374702.13,600.9023936
708286.8624,5375263.968,531.7850544
705109.9638,5374721.981,602.5071069
708284.1963,5375283.827,532.5175938
705107.2449,5374741.834,604.2499548
705104.5314,5374761.687,605.5763778
705101.8202,5374781.541,606.0665499
705099.108,5374801.395,606.4388042
705096.3934,5374821.248,607.3856252
705093.668,5374841.1,609.4960396
705090.9283,5374860.95,612.2953281
705088.1809,5374880.799,615.0418771
705079.9012,5374940.341,615.8878645
705077.1329,5374960.187,613.7494478
705074.3648,5374980.033,609.8593492
705071.5991,5374999.879,605.5805052
705068.8343,5375019.726,602.0241129
705066.0692,5375039.573,599.2014537
708240.0341,5375601.372,536.9832524
705063.3039,5375059.419,597.6547713
708237.3163,5375621.224,537.2448555
705060.539,5375079.266,597.8129611
708234.602,5375641.077,537.7203378
705057.7754,5375099.113,599.1475092
708231.8911,5375660.93,537.8386602
705055.0116,5375118.96,600.4206638
705052.2459,5375138.806,601.6349161
705049.4834,5375158.653,603.2962753
705046.7267,5375178.501,605.7198841
705043.9782,5375198.35,608.659207
705041.2385,5375218.2,611.407238
708218.2943,5375760.19,535.7136477
705038.5087,5375238.051,613.4854864
708215.5579,5375780.039,535.7502181
705035.7897,5375257.904,615.3274855
708212.8107,5375799.888,536.5589557
705033.0854,5375277.758,618.2651693
708210.0599,5375819.736,537.1797849
708207.3105,5375839.584,537.0872514
705030.3924,5375297.614,622.4096212
708204.559,5375859.432,537.376125
705027.7054,5375317.471,627.1628987
705025.0229,5375337.329,631.2665873
705022.3417,5375357.187,633.132844
705019.6597,5375377.044,634.2457413
705016.9743,5375396.901,635.7572064
705014.2848,5375416.758,637.9634805
705011.5898,5375436.614,640.7449162
705008.8862,5375456.468,644.1816981
705006.1767,5375476.323,648.4639491
705003.4597,5375496.176,654.4021572
705000.7372,5375516.028,660.7731132
704995.2693,5375555.729,671.3309996
704992.5264,5375575.579,676.7959124
704984.3123,5375635.13,687.8310684
704981.5868,5375654.981,690.7414402
704978.8701,5375674.834,693.9236568
704976.1692,5375694.689,697.7138884
704973.4803,5375714.546,701.3410378
704970.7966,5375734.404,704.4432679
704968.1167,5375754.261,706.6522822
704965.4378,5375774.119,708.0142537
704962.7581,5375793.977,709.18731
704960.0753,5375813.835,710.4141487
704957.3874,5375833.692,711.9655237
704954.6901,5375853.547,713.8108825
704951.9908,5375873.403,715.2753865
705185.8161,5375958.174,714.0889151
705182.8856,5375904.929,713.7869207
708398.9791,5375789.463,534.9050214
708398.3099,5375777.248,534.9848927
708391.9931,5375659.975,536.3686549
708383.5905,5375511.116,534.4984602
708382.48,5375491.111,534.2689339
708380.2436,5375449.288,534.6537814
708379.9254,5375443.164,534.5707258
708378.376,5375413.062,533.1888203
708377.2051,5375390.39,532.1593342
708375.6045,5375360.071,531.8679388
708374.7418,5375344.545,532.8355417
708372.7664,5375309.203,534.2896606
708371.8802,5375293.432,534.2088551
708356.9897,5375029.081,557.1799558
708356.2167,5375014.792,557.8829117
705139.4092,5375088.097,594.7639442
705138.4843,5375069.813,595.2865514
708350.5202,5374909.011,558.8951397
708349.6994,5374893.819,558.654377
705129.6109,5374912.784,611.4341615
708345.5564,5374818.777,558.1140486
705128.579,5374895.531,612.1753085
708344.419,5374798.585,557.8520945
708342.7521,5374769.425,558.0618955
708341.5687,5374748.937,558.0369737
708340.4091,5374728.931,557.9859846
708339.4862,5374713.113,558.3102204
705121.1094,5374765.109,605.4445039
705120.0026,5374744.827,604.3452757
705118.9054,5374724.34,602.4999206
708334.7421,5374628.889,554.2477371
705117.8473,5374704.329,600.769119
705117.1464,5374690.891,599.598218
708333.6298,5374608.88,554.3017142
705116.0616,5374669.987,597.5510313
705114.1962,5374633.874,593.2379978
708330.3841,5374548.845,551.3745395
708329.2984,5374528.834,550.6856253
708328.2025,5374508.823,550.4598106
708327.2316,5374491.436,550.9554905
708326.0596,5374470.52,551.2156487
708324.8941,5374449.752,551.1114697
705106.3796,5374490.447,584.7438464
708322.7201,5374411.281,550.6707346
708321.6923,5374393.243,550.3144458
705105.0667,5374467.667,584.8221582
708319.3869,5374352.974,550.0036903
708318.2307,5374332.832,549.6345615
708315.7881,5374290.133,548.7220907
708314.2097,5374261.949,546.9346325
708307.0774,5374129.371,535.4817828
708305.9726,5374108.631,534.2349964
705087.7582,5374149.285,531.0420655
705085.9476,5374115.817,530.7939538
705084.5785,5374090.919,530.7314111
708299.5736,5373991.702,530.8372
708298.3374,5373969.615,530.4254726
708297.1535,5373948.549,529.933404
708296.1179,5373930.084,529.0579607
705079.6708,5374005.582,531.0129717
708292.8658,5373872.801,528.0834604
708291.6258,5373851.123,527.587148
705071.6626,5373874.536,529.2426297
705070.6009,5373856.432,529.2169159
708280.8679,5373668.457,525.5880664
708279.6934,5373648.452,525.4752122
705061.2332,5373689.079,534.9504239
705060.4322,5373675.126,534.7451416
705057.9858,5373632.896,534.4631001
705056.5555,5373608.279,534.2045389
708272.0508,5373512.13,518.5154284
705053.1942,5373549.973,533.6463547
708265.9001,5373409.702,534.6378588
705048.4384,5373467.938,533.6793459
708262.4696,5373348.342,535.3580829
705044.7734,5373407.541,533.265259
708261.419,5373328.327,535.1259072
708260.8945,5373318.463,534.9976075
705042.3485,5373368.458,533.2423687
705038.8209,5373309.469,533.2293403
708255.9529,5373231.145,534.3546876
708253.5573,5373193.795,534.46604
705035.3834,5373246.634,532.8920103
708251.4077,5373161.907,534.4224615
705033.4532,5373210.183,532.7409706
705032.2712,5373188.298,532.5498428
705031.049,5373166.027,532.3956486
705029.7874,5373143.761,532.3150874
705028.9325,5373129.517,532.2139502
708242.4156,5373009.585,510.8788884
705025.348,5373072.012,532.0835783
708241.3725,5372990.67,511.7795799
705023.682,5373046.09,532.0857147
708239.2581,5372952.231,512.5769226
705021.6078,5373014.04,532.0735072
705020.1618,5372991.532,532.1705551
705016.1959,5372928.747,532.1211416
708232.2432,5372836.576,515.897565
708292.8322,5375255.795,531.7453602
708229.3723,5372790.809,516.5063759
705010.1084,5372828.394,531.6840952
708226.0785,5372736.207,516.1711237
705007.6305,5372785.958,531.26779
705006.4058,5372764.673,530.8498396
708222.2418,5372671.415,516.9498649
705005.3594,5372746.271,530.4765717
708221.0109,5372650.331,516.8327427
708219.9047,5372631.462,517.0498994
708218.8074,5372612.871,517.5504673
705002.0351,5372687.236,529.8004981
708217.5262,5372591.067,517.4934828
704999.7998,5372647.745,529.2923197
708206.8713,5372418.771,522.0888892
708198.5603,5372288.134,527.9488921
708197.3292,5372268.131,528.2383233
708196.441,5372253.692,528.9301746
704977.0412,5372285.97,589.4955522
708181.2271,5372010.186,559.0694144
708180.0644,5371991.588,559.0287337
708178.6869,5371969.301,558.6575622
708177.382,5371948.109,558.5695279
708176.1755,5371928.105,558.636048
708175.1495,5371910.884,560.2274126
708173.9012,5371889.566,560.6379405
708172.6763,5371868.086,558.5601449
708171.5458,5371849.309,558.8468166
708169.0184,5371808.077,556.8954211
708167.7375,5371788.077,556.7105649
708166.6993,5371773.353,556.7707889
708163.6705,5371730.434,558.9065277
708162.555,5371714.362,559.1756063
708161.096,5371693.157,560.3749482
708157.2789,5371633.261,561.4383994
708154.6789,5371588.098,561.6570949
708153.7431,5371571.714,561.6378283
708152.4482,5371549.404,561.7356922
708150.3831,5371514.799,561.8493727
708148.9897,5371493.229,561.9284218
708146.1974,5371451.361,561.6855396
708143.6283,5371413.218,561.4783728
708142.1145,5371390.455,561.547439
708100.7757,5370732.286,553.6948062
704869.0813,5370651.104,1050.419865
704866.7536,5370614.854,1050.32535
704863.785,5370566.82,1048.528164
704860.102,5370508.287,1050.291679
704858.6973,5370486.198,1049.775824
708063.3352,5370148.093,547.6903802
708062.5384,5370136.03,547.2280209
708061.1334,5370114.8,546.1650515
708057.0777,5370054.128,543.2551877
708056.6739,5370048.165,543.291586
708045.601,5369870.323,529.0775142
704820.086,5369873.16,929.302836
708025.0738,5369555.735,547.5842051
704800.1098,5369547.271,872.7118557
704798.8196,5369526.453,868.901683
708058.6289,5371555.066,561.578444
708057.3993,5371537.224,561.7281801
707963.5795,5370034.439,528.9320398
707962.5164,5370018.202,528.9585461
707958.4158,5369955.337,528.9827587
707956.1075,5369919.629,529.0243258
708908.2611,5369515.544,538.4236193
708905.9623,5369535.459,538.6900863
708903.6909,5369555.376,539.5734735
708901.4374,5369575.298,540.8386016
708882.3776,5369734.527,548.074382
708879.9354,5369754.422,548.4365834
708877.5448,5369774.324,548.8978965
708875.2011,5369794.233,548.6773983
708872.8854,5369814.145,547.8826627
708864.6685,5369893.938,550.9424136
708862.6868,5369913.896,552.5943619
708860.6726,5369933.849,554.035615
708858.6131,5369953.797,555.3832055
708856.473,5369973.733,556.1093219
708854.2141,5369993.653,556.3220563
708851.9185,5370013.569,556.6092119
708847.3017,5370052.646,556.7419337
708844.8707,5370073.009,556.7334186
708842.4855,5370093.196,557.7106322
708840.185,5370113.111,559.7604983
708837.941,5370133.033,562.7543029
708835.6904,5370152.954,564.5788878
708831.1669,5370192.794,565.2599751
708828.9307,5370212.717,565.2000702
708826.7179,5370232.644,565.2166721
708824.529,5370252.574,565.3542092
708822.3552,5370272.506,565.4906833
708813.6681,5370352.234,563.422378
708811.5523,5370372.174,565.0301021
708809.4269,5370392.113,566.63986
708807.2818,5370412.048,567.9308137
708800.6099,5370471.823,567.238005
708798.3323,5370491.741,566.3504084
708796.059,5370511.659,566.0660841
708793.8024,5370531.58,566.9795459
708791.5421,5370551.5,568.1627161
708789.2595,5370571.417,568.9445836
708786.9646,5370591.332,569.5515387
708784.6559,5370611.246,569.839428
708782.3368,5370631.158,569.8734344
708780.0213,5370651.069,570.0268975
708775.3115,5370690.885,567.344737
708772.9668,5370710.794,566.1127185
708765.9371,5370770.519,560.5473167
708763.6345,5370790.434,559.429376
708761.3513,5370810.351,558.5682196
708759.0703,5370830.268,557.3437341
708756.7901,5370850.186,555.8126687
708754.5078,5370870.103,554.1910938
708752.221,5370890.02,552.5305511
708749.9166,5370909.933,550.4474719
708747.609,5370929.847,548.452709
708745.3173,5370949.762,547.4672632
708733.8533,5371049.34,546.7542598
708731.5565,5371069.256,545.865036
708729.2831,5371089.175,545.3685004
708727.0363,5371109.096,545.0534589
708722.5917,5371148.947,544.6864303
708720.3766,5371168.873,544.751934
708718.1808,5371188.802,545.7595022
708715.9955,5371208.732,547.4787689
708713.8171,5371228.663,549.9117459
708711.6368,5371248.593,552.961268
708704.5985,5371308.319,548.5825504
708702.2389,5371328.226,547.2589137
708699.8966,5371348.135,546.6365789
708697.5615,5371368.045,546.2358814
708695.2365,5371387.956,546.0860204
708692.9266,5371407.87,546.1707102
708690.6278,5371427.784,546.227754
708688.3438,5371447.701,546.3166019
708686.0948,5371467.622,546.9833661
708683.8884,5371487.549,548.5549258
708681.7104,5371507.481,550.6308138
708679.5677,5371527.418,553.0354029
708677.4142,5371547.352,554.3608173
708668.4585,5371627.043,546.9777394
708666.1003,5371646.95,541.486852
708663.7623,5371666.859,537.2785547
708656.8027,5371726.595,530.5094869
708654.5217,5371746.513,530.0527678
708652.2484,5371766.432,529.9464104
708649.9895,5371786.352,530.4777587
708647.7508,5371806.275,531.3771439
708645.5126,5371826.198,531.9887555
708643.2522,5371846.118,531.9906985
708640.9785,5371866.036,531.8218173
708638.6883,5371885.951,531.5881812
708636.3794,5371905.865,531.2260689
708634.0612,5371925.777,531.4097508
708631.7458,5371945.689,532.1430789
708624.6152,5372005.402,533.0614208
708622.1769,5372025.299,532.458627
708619.739,5372045.194,532.1892792
708617.2971,5372065.09,531.9671896
708614.8458,5372084.984,531.6029507
708612.3774,5372104.874,530.9938308
708597.8871,5372224.269,519.1697519
708595.67,5372244.195,519.2142371
708593.4818,5372264.125,519.0263064
708591.2943,5372284.055,518.7815985
708589.1046,5372303.984,518.8574092
708586.8937,5372323.911,519.0862809
708584.6472,5372343.833,519.1601777
708582.3534,5372363.748,519.0472609
708575.0022,5372423.432,515.646817
708572.4927,5372443.317,515.3440629
708569.9766,5372463.202,515.7705469
708567.4424,5372483.085,516.0783721
708564.8919,5372502.966,516.1821328
708562.3385,5372522.846,516.3112437
708559.795,5372542.728,516.5222424
708557.2735,5372562.612,516.8280687
708554.7764,5372582.5,516.9120555
708552.3051,5372602.392,516.9077946
708549.882,5372622.289,517.0052357
708547.4795,5372642.19,517.0775008
708545.1371,5372662.099,517.0279998
708542.8383,5372682.013,517.0234319
708540.5432,5372701.928,516.8704341
708538.2033,5372721.838,515.4710153
708531.0744,5372781.551,512.4551199
708528.5668,5372801.437,511.1878939
708526.0249,5372821.319,510.1902736
708523.474,5372841.199,510.0897259
708520.9154,5372861.079,510.1124859
708518.3524,5372880.957,510.159595
708515.8817,5372900.849,513.0308804
708513.4116,5372920.741,515.9853002
708510.9917,5372940.639,519.0762937
708504.0334,5373000.375,532.4739266
708501.6373,5373020.276,533.8041162
708494.4981,5373079.988,541.5334118
708492.0288,5373099.879,542.6062147
708489.5231,5373119.766,543.0917245
708486.9993,5373139.65,543.3075557
708484.4655,5373159.533,543.4575377
708481.9285,5373179.415,543.6354928
708479.3899,5373199.298,543.9516694
708476.8552,5373219.18,544.2121498
708474.3267,5373239.064,544.2971692
708471.7965,5373258.947,544.4017768
708469.261,5373278.83,544.5064033
708466.7209,5373298.712,544.6557636
708464.1706,5373318.592,544.7892392
708461.6136,5373338.472,545.0049068
708459.0423,5373358.35,545.3000825
708456.4517,5373378.225,545.5521335
708453.8515,5373398.099,545.8272329
708451.2427,5373417.971,546.0642019
708448.6293,5373437.843,546.3023014
708446.0127,5373457.715,546.5345342
708443.3916,5373477.586,546.7221648
708440.7743,5373497.457,547.0253261
708438.1666,5373517.33,547.1894321
708435.5594,5373537.203,547.4225471
708432.9399,5373557.074,547.5815882
708430.3049,5373576.943,547.5300999
708427.6628,5373596.811,547.6550576
708840.6068,5371205.452,536.9150335
708425.0111,5373616.678,547.900611
708837.9875,5371225.323,537.189156
708422.3399,5373636.542,547.9554847
708419.6417,5373656.403,548.0004062
708832.6961,5371265.058,537.4346984
708416.9407,5373676.263,548.1729831
708830.0361,5371284.923,537.5548001
708827.3746,5371304.789,537.6849474
708824.7135,5371324.655,537.7446751
708408.8364,5373735.843,546.9952671
708406.1485,5373755.705,545.8882086
708403.4759,5373775.569,544.6444871
708400.8237,5373795.436,542.8286403
708398.2045,5373815.307,541.4804056
708395.58,5373835.177,539.264968
708392.9586,5373855.048,536.8531939
708390.373,5373874.924,535.4913827
708387.8002,5373894.802,534.7323576
708385.2301,5373914.68,534.2177821
708382.6722,5373934.559,534.2544589
708380.1154,5373954.439,534.8851937
708377.5238,5373974.313,535.4967464
708790.0822,5371582.902,528.8180245
708374.8811,5373994.182,535.6874772
708787.3801,5371602.762,528.9155278
708784.6634,5371622.62,528.9183061
708781.9383,5371642.477,528.8519482
708355.4312,5374133.129,545.5317657
708352.6455,5374152.977,547.8507462
708349.8746,5374172.828,549.288416
708347.1241,5374192.681,549.7606684
708344.4547,5374212.545,549.8763097
708341.8555,5374232.419,549.712333
708339.2813,5374252.297,549.4795117
708336.7199,5374272.175,549.2696672
708334.161,5374292.055,549.2626296
708331.5852,5374311.932,549.471655
708328.9975,5374331.808,549.7216539
708320.7289,5374391.366,548.5686142
708317.896,5374411.208,548.4227363
708315.0438,5374431.047,548.4316287
708312.1779,5374450.885,548.7356475
708309.308,5374470.722,549.2927812
708306.4382,5374490.559,549.9288915
708303.5719,5374510.397,550.2537882
708300.7014,5374530.234,550.3378509
708297.8411,5374550.072,550.6144387
708294.9886,5374569.912,550.9536254
708292.1353,5374589.751,551.0133248
708704.1758,5372198.27,518.6743183
708289.2953,5374609.592,551.2397807
708286.4654,5374629.435,551.656143
708283.6416,5374649.278,552.1286147
708280.8201,5374669.122,552.4659728
708277.9975,5374688.965,552.5548059
708275.179,5374708.81,552.6540353
708272.3776,5374728.656,553.2410886
708269.5921,5374748.505,554.389198
708266.8058,5374768.353,555.4562652
708264.022,5374788.202,556.6081616
708261.2522,5374808.053,558.4733882
708246.8834,5374907.236,556.5237313
708243.955,5374927.065,556.3150887
708241.0112,5374946.893,555.9842755
708238.0709,5374966.72,556.0821604
708235.1443,5374986.549,556.8317932
708226.2701,5375046.025,555.9266406
708223.248,5375065.841,552.8864048
708632.0454,5372694.147,509.9649575
708629.1867,5372713.986,509.8731422
708626.3186,5372733.823,509.8214277
708211.2798,5375145.123,544.0263044
708623.4408,5372753.66,509.8579142
708208.1954,5375164.931,538.5809538
708620.5435,5372773.494,509.8605184
708205.1136,5375184.739,533.308804
708202.122,5375204.56,531.3865141
708199.2048,5375224.391,532.2682458
708196.3332,5375244.228,535.0328227
708184.8484,5375323.575,547.6620552
708181.878,5375343.399,547.9719422
708178.905,5375363.222,548.2139892
708175.9468,5375383.047,548.7727783
708172.9989,5375402.873,549.4631917
708170.048,5375422.7,549.6366349
708167.1045,5375442.527,549.7928875
708164.1729,5375462.356,549.9385136
708161.265,5375482.188,550.1497612
708158.3645,5375502.021,550.2639728
708571.0616,5373110.631,549.3178187
708155.4558,5375521.853,550.2182036
708568.064,5373130.45,549.4204443
708152.5344,5375541.682,550.0213876
708143.6397,5375601.155,548.9016863
708140.6007,5375620.969,547.6261115
708137.5243,5375640.778,546.2465318
708134.4235,5375660.584,544.7119552
708544.0128,5373289,547.3784823
708121.8942,5375739.79,537.6678093
708118.8111,5375759.598,537.6897736
708115.7383,5375779.407,537.8555978
708112.6718,5375799.218,537.8927571
708109.6091,5375819.029,537.614509
708106.5594,5375838.841,537.3690317
708103.529,5375858.657,537.3424884
708100.5158,5375878.475,537.5642556
708094.5527,5375918.118,538.3510657
708091.5697,5375937.939,538.4284687
708088.5792,5375957.761,538.4485266
708461.7877,5373823.959,549.2801553
708421.8005,5374081.477,549.8636436
708418.7174,5374101.285,550.0953077
708415.6342,5374121.093,550.2939004
708412.549,5374140.9,550.4334033
708359.7628,5374477.589,550.7436568
708313.157,5374774.663,559.1804069
708310.031,5374794.465,559.7183814
708282.1061,5374972.714,557.8082607
708231.8752,5375289.522,533.8186631
708136.8167,5375903.645,537.6393264
708085.3438,5375950.177,538.4347349
708084.2399,5375930.173,538.5749703
704868.3701,5375954.539,691.7851445
704867.22,5375934.539,690.8226248
704866.053,5375914.541,689.382403
704861.2535,5375834.553,678.9789182
704860.1209,5375814.552,678.059365
704859.0303,5375794.55,678.1318235
704857.9622,5375774.545,678.2834498
708071.2839,5375690.111,549.1835907
704856.8986,5375754.541,678.2310549
708070.1968,5375670.107,550.113905
708069.0999,5375650.102,550.9477594
708068.0206,5375630.097,552.2532016
708066.9434,5375610.092,553.1349413
708064.808,5375570.081,553.5477594
708063.7659,5375550.073,553.7088043
708059.805,5375470.331,552.7533343
708058.7941,5375450.189,552.1639739
708057.773,5375430.015,551.9362662
708056.7656,5375410.006,552.320797
708055.6955,5375390,552.4992709
708054.5945,5375369.996,552.1779787
708053.4744,5375349.993,551.4968898
704832.5087,5375314.494,616.325787
708043.2928,5375149.907,530.1340699
708042.3849,5375129.893,531.1773585
708034.2109,5374970.39,545.4607994
704818.5661,5375034.373,622.7956091
708033.1328,5374949.819,546.846456
704817.5297,5375014.367,621.6961508
708032.0862,5374929.812,547.0515164
708031.0585,5374909.804,547.264802
708030.053,5374889.794,547.3054117
708029.0676,5374869.784,547.2981275
708028.1009,5374849.772,547.1864546
708027.1598,5374829.759,547.1029076
704811.1489,5374894.339,610.9495573
708026.2443,5374809.745,546.9798198
704810.1077,5374874.333,610.2737054
708025.3392,5374789.729,546.7551791
704809.0731,5374854.326,609.7435624
708024.4371,5374769.714,546.6599651
708023.5286,5374749.699,546.5595198
708022.608,5374729.685,546.4575078
708021.6728,5374709.672,546.3758199
708020.7125,5374689.66,546.2868819
708019.7149,5374669.65,546.1907236
708018.694,5374649.641,546.1325749
708017.666,5374629.633,546.1066961
708016.6349,5374609.625,545.9948933
704781.5032,5374334.199,532.8098807
704780.5636,5374314.188,532.7559554
704779.6244,5374294.175,532.6801358
704776.6948,5374234.147,528.1251018
704775.7583,5374214.135,527.9952535
704774.8267,5374194.122,528.0123874
704772.1137,5374134.081,531.1997372
704771.1892,5374114.068,531.4714324
704770.2883,5374094.054,532.4518553
704769.3816,5374074.04,533.184123
704768.4545,5374054.028,533.0588823
704767.5306,5374034.015,532.9193569
704766.6117,5374014.002,532.8357129
704765.6944,5373993.988,532.7579349
704764.7794,5373973.975,532.7398695
704763.8685,5373953.962,532.8840083
704762.9644,5373933.948,533.3323711
704762.0586,5373913.934,533.8218076
704761.1453,5373893.921,534.1127876
704760.2553,5373873.906,535.3348425
704759.3656,5373853.891,536.7278056
704758.4274,5373833.879,536.6889114
704754.6488,5373754.771,536.2875794
704752.6495,5373713.816,535.8919362
704751.683,5373693.806,535.7537161
704749.7945,5373654,535.5436755
707965.6929,5373548.992,516.2341207
704747.9762,5373614.225,535.5789784
704747.0847,5373593.974,535.5682796
704746.2071,5373573.726,535.6453744
704745.3479,5373553.709,535.7926675
704744.4906,5373533.691,535.9416737
704743.6525,5373514.159,536.1658486
704742.7728,5373493.863,536.2860709
704741.884,5373473.645,536.3972816
704740.9866,5373453.631,536.521136
707957.4293,5373368.862,522.2963661
704740.078,5373433.617,536.7120284
707956.552,5373348.845,522.2344626
704739.1604,5373413.604,536.8865959
704738.2326,5373393.591,537.0060746
704737.3008,5373373.579,537.1481254
704736.3625,5373353.567,537.197086
704735.4189,5373333.555,537.0817109
704734.475,5373313.544,536.8872567
704733.533,5373293.532,536.6703944
704732.5939,5373273.52,536.4300694
704731.659,5373253.508,536.1939511
707948.2828,5373168.716,512.9965239
704730.7318,5373233.495,536.0703417
707947.3431,5373148.703,513.0388969
704729.8093,5373213.483,535.9428146
704728.888,5373193.47,535.6549282
704727.9738,5373173.456,535.349064
704727.0656,5373153.442,535.084202
704726.1587,5373133.429,534.8248928
707942.5814,5373048.641,512.8309873
704725.2524,5373113.415,534.5938252
704724.3434,5373093.401,534.3119366
704723.4336,5373073.387,534.0512603
704722.5555,5373054.157,533.7415825
704721.6122,5373033.693,533.5149338
704720.6729,5373013.349,533.2954985
704719.7527,5372993.336,533.1040334
704718.8384,5372973.323,532.8974849
707935.7939,5372888.493,513.7059271
704717.9327,5372953.309,532.6756378
704717.0392,5372933.294,532.550954
704716.1573,5372913.279,532.4191041
707933.2315,5372828.438,515.0199114
704715.2937,5372893.263,532.2626033
707932.3042,5372808.425,515.0420631
704714.4466,5372873.246,532.1260347
707931.3669,5372788.412,515.1413766
707930.4168,5372768.399,515.166182
707929.4635,5372748.386,515.2810079
707980.8995,5375153.484,530.1085894
707980.0401,5375133.465,530.0720162
707925.7842,5372668.329,519.0146433
707924.8788,5372648.314,519.0300246
707923.9859,5372628.298,519.1268234
707923.1032,5372608.282,519.3299591
707922.2297,5372588.265,519.633812
707896.7902,5372007.777,561.2149416
707895.8065,5371987.767,561.1407011
704722.0531,5374337.609,528.569408
704721.0815,5374317.597,528.4773028
704720.114,5374297.588,528.4626044
704719.1508,5374277.577,528.4813526
707884.9423,5371747.585,563.8950635
707884.0609,5371727.568,563.6899384
707883.1734,5371707.552,563.5557376
704667.5275,5371591.724,933.5595889
704664.989,5371531.672,943.0836248
704664.13,5371511.656,946.7950013
704663.2613,5371491.64,950.6252844
704662.3745,5371471.626,954.6276445
707859.6604,5371227.29,544.5088788
707858.7314,5371207.276,544.5456233
707845.9862,5370947.135,552.5187118
707844.9826,5370927.125,552.5274127
707844.0048,5370907.114,552.7283153
707843.0382,5370887.103,552.7575923
707836.7108,5370746.996,555.8604841
707835.7317,5370726.985,556.5607015
707834.7011,5370706.977,557.5911738
707833.6119,5370686.972,558.7380224
707832.4849,5370666.97,559.844805
707882.2814,5373072.167,513.6525462
707881.2997,5373052.155,513.4778522
707880.3276,5373032.144,513.4683549
707879.3613,5373012.132,513.5968699
707825.5475,5370546.965,552.8217339
707822.4255,5370486.943,546.1153103
707821.4322,5370466.933,544.5493304
707815.3639,5370346.878,535.6171339
707814.3118,5370326.872,534.9775161
707803.2522,5370126.835,529.3469796
707802.1818,5370106.829,528.845187
707801.1307,5370086.823,528.8397569
707800.0845,5370066.816,528.8393402
707799.0403,5370046.808,528.8348533
707797.9952,5370026.801,528.8333248
707796.946,5370006.794,528.8327999
707795.8896,5369986.788,528.8288561
707794.8378,5369966.781,529.4098196
707713.1588,5370172.148,528.8511595
707711.8726,5370152.155,528.8637063
707710.5817,5370132.162,528.8562498
707709.2828,5370112.17,528.8800671
707707.9719,5370092.178,528.8740773
707706.6492,5370072.187,528.854418
707705.3155,5370052.197,528.8382406
707703.9725,5370032.206,528.8372764
707702.6124,5370012.217,528.8476908
707701.2353,5369992.229,528.8385387
707691.8538,5369852.298,528.9482323
707678.4721,5369652.397,528.9292964
707677.0671,5369632.41,528.9277079
707675.6685,5369612.423,528.9310277
707674.2887,5369592.435,528.9033
707672.9332,5369572.446,528.9023993
707671.5939,5369552.456,528.9104042
707670.2632,5369532.465,528.8969013
707668.9387,5369512.474,528.9181279
708168.2965,5369588.852,553.8299685
708165.6782,5369608.718,554.0595192
708163.067,5369628.584,554.1177266
708160.4831,5369648.455,554.1131439
708157.9104,5369668.326,554.1417087
708155.3209,5369688.196,554.152225
708152.7106,5369708.063,554.1348341
708150.072,5369727.926,554.1165081
708147.4009,5369747.784,554.1389985
708144.7099,5369767.64,554.3361635
708130.9504,5369866.88,537.5536356
708128.2332,5369886.733,536.9287011
708125.5335,5369906.588,536.6874045
708115.382,5369986.093,546.0797958
708112.8693,5370005.973,547.7963175
708110.3333,5370025.849,549.5645485
708107.7654,5370045.722,550.8821763
708091.3305,5370164.819,554.2035575
704909.0599,5369662.377,900.7431949
704863.4903,5369999.965,965.3466596
704860.9304,5370019.839,968.2322364
704858.3515,5370039.711,971.1749169
704855.738,5370059.578,973.9446159
704853.0817,5370079.439,976.9129256
708027.2974,5370641.437,550.3784475
704847.5943,5370119.138,983.0690639
708024.6881,5370661.304,550.7926935
704844.8193,5370138.984,986.065908
708022.0972,5370681.173,550.8902741
708019.5205,5370701.045,551.4768973
708016.9483,5370720.916,552.620372
708004.1051,5370820.278,561.6139753
708001.5334,5370840.149,562.3256179
707998.9568,5370860.021,562.8375685
707996.3696,5370879.89,562.7136957
707993.7729,5370899.759,562.5312153
707946.2562,5371257.289,555.9556752
707943.6674,5371277.159,556.9347898
707941.0611,5371297.026,557.9006819
707938.447,5371316.893,558.4621398
707922.2515,5371436.022,562.9182484
707919.572,5371455.879,563.3202799
707916.9193,5371475.74,563.8433591
707903.9993,5371575.091,563.7706119
707901.429,5371594.963,564.064002
707898.8514,5371614.834,564.1981684
707896.2679,5371634.705,563.768324
707893.6794,5371654.574,563.277448
707891.0755,5371674.442,563.6040296
707888.4708,5371694.309,563.6534329
707885.8627,5371714.176,563.6205713
707883.2493,5371734.042,563.7571194
704664.0127,5371509.741,946.6738308
704661.5338,5371529.626,942.7330781
707812.7932,5372270.445,575.878778
707755.2398,5372707.496,516.3526302
707752.6134,5372727.36,516.3625675
707750.0038,5372747.227,516.4239286
707747.4108,5372767.096,516.4215398
707744.8227,5372786.965,516.4594246
707742.2292,5372806.834,516.9921572
707739.6374,5372826.704,517.2108912
707726.5693,5372926.034,514.5371216
707723.9196,5372945.896,514.4816514
707721.2666,5372965.757,514.5567091
707718.6066,5372985.617,515.1593349
707715.9456,5373005.477,515.8474285
707713.3008,5373025.339,515.8920082
707710.6645,5373045.202,515.8758606
707708.0298,5373065.066,516.0059198
707705.3994,5373084.93,516.1044013
707702.7717,5373104.794,516.0887751
707700.1431,5373124.659,516.2704178
707697.5111,5373144.522,516.7746579
707694.8762,5373164.386,517.3695798
707692.2378,5373184.248,518.0336635
707660.2429,5373422.559,551.7497094
707657.6047,5373442.422,552.5123678
707654.9668,5373462.285,553.1038904
707652.332,5373482.149,553.7114635
704473.851,5372960.109,560.8476192
707649.709,5373502.014,554.0101245
704471.2531,5372979.978,560.8409482
707647.0939,5373521.88,554.1934951
707626.2941,5373680.824,563.7968401
707623.6782,5373700.69,563.6610182
707621.0383,5373720.552,563.6521275
704442.8351,5373198.557,548.7576579
707618.3724,5373740.412,563.6260637
704440.2629,5373218.43,547.5734378
704437.6892,5373238.302,546.6079689
704435.1082,5373258.173,546.4491242
704432.5249,5373278.044,546.0652095
704429.9337,5373297.914,545.7918584
704427.3335,5373317.782,545.7550225
707588.8656,5373958.84,575.9972551
707586.2183,5373978.702,575.8993811
704408.6432,5373456.798,577.8386373
707583.5599,5373998.562,575.8870868
704405.94,5373476.653,577.8664398
707562.2031,5374157.432,570.8903689
707559.6126,5374177.301,569.9362268
704381.9763,5373655.397,537.0589446
707557.0326,5374197.172,568.9246589
704379.3536,5373675.262,537.1686835
707554.4578,5374217.043,568.0971576
704376.7338,5373695.128,537.424822
707551.8868,5374236.915,567.3348948
704374.1187,5373714.995,537.6478919
707549.3152,5374256.787,566.7189692
704371.5071,5373734.862,537.7492585
707546.7425,5374276.658,566.1667052
704368.8881,5373754.728,537.7791555
707544.1577,5374296.528,565.3854578
704366.2601,5373774.593,537.8151995
707541.5585,5374316.396,564.5200259
704363.6324,5373794.458,537.8719644
707538.9601,5374336.265,563.8727749
704361.009,5373814.324,538.0057237
707536.3624,5374356.133,563.6796445
704358.3925,5373834.19,538.1337556
704355.7838,5373854.058,538.2490411
704353.18,5373873.926,538.3406915
704350.5936,5373893.797,538.4729375
704348.0239,5373913.669,538.601954
704345.4559,5373933.542,538.6463387
704342.8824,5373953.414,538.686209
704340.2981,5373973.285,538.7281201
704337.7008,5373993.154,538.7546045
704335.089,5374013.021,538.7750915
704332.4499,5374032.885,538.890267
704329.7851,5374052.745,539.0617757
704321.7406,5374112.318,537.2592865
704319.0609,5374132.177,537.3181898
704316.3918,5374152.036,537.289631
704313.7396,5374171.898,537.7508986
704311.1085,5374191.762,538.2351518
704308.4977,5374211.63,538.2255935
704295.5821,5374310.984,536.1727511
707471.4616,5374852.846,565.7056219
704292.9953,5374330.854,536.1525093
707468.7438,5374872.698,565.8166665
704290.3988,5374350.724,536.3100513
707465.9769,5374892.544,566.2199205
704287.7926,5374370.591,536.752824
707463.1865,5374912.387,566.7503084
704285.1723,5374390.457,537.1867069
707460.3862,5374932.228,567.0019377
704282.5418,5374410.322,537.2000838
704279.8978,5374430.185,537.1131801
704277.2394,5374450.046,537.2024858
704269.2162,5374509.515,537.4271118
704266.5152,5374529.478,537.4266832
704263.8305,5374549.335,537.3637556
704261.1523,5374569.193,537.090418
704258.4833,5374589.053,536.716457
704255.8235,5374608.913,536.3363862
704253.1753,5374628.776,536.1855095
704250.5452,5374648.64,536.2164106
704247.9329,5374668.507,536.1978465
704245.3403,5374688.377,536.1709075
704242.7679,5374708.249,535.9536307
704240.2133,5374728.124,535.7492418
704237.6781,5374748.001,535.6578923
704235.1601,5374767.881,535.6155212
704232.6587,5374787.762,532.8893602
704185.1961,5375145.31,598.6966429
704182.5147,5375165.168,598.8585956
704179.8099,5375185.023,598.932724
704177.1065,5375204.878,599.1997626
704174.4128,5375224.734,599.5573908
704171.7366,5375244.593,599.7766542
707752.9652,5373394.428,552.2625115
704169.0801,5375264.454,600.0995368
707750.3336,5373414.292,552.2281956
704166.4433,5375284.318,600.6905675
704163.8434,5375304.186,601.4234245
704161.2817,5375324.06,602.2218906
707333.7288,5375885.644,645.8133223
707331.1322,5375905.513,645.4558293
704129.7427,5375562.439,652.6215131
704127.0534,5375582.296,652.1654577
704124.3684,5375602.153,651.9655117
704121.693,5375622.012,651.8137624
704119.0314,5375641.872,651.6813471
704476.9292,5373627.558,536.7086865
704474.3027,5373647.424,536.7414441
704471.6567,5373667.286,536.737029
704468.985,5373687.145,536.9156605
704466.2961,5373707.002,537.1338511
704463.598,5373726.858,537.2190508
704460.8861,5373746.712,537.2893195
704458.1575,5373766.563,537.3575779
703361.0468,5369497.722,760.7218918
703358.4102,5369517.586,755.8026507
703355.7407,5369537.446,759.073961
703353.0312,5369557.3,767.1725324
703350.3203,5369577.155,774.45794
703347.6147,5369597.01,782.1055783
703344.9178,5369616.866,791.7349245
703342.2409,5369636.725,800.6225272
703339.5894,5369656.587,806.1506669
703336.9816,5369676.455,810.2104238
703334.4115,5369696.329,815.0522828
703331.8556,5369716.203,820.7790013
703329.3066,5369736.079,826.7185691
703326.7578,5369755.955,832.202925
703324.2032,5369775.83,836.2376811
703321.6387,5369795.704,838.999043
703319.0448,5369815.574,841.2164164
703316.4216,5369835.44,843.4055587
703313.7817,5369855.304,845.8447575
703311.1263,5369875.166,848.4697742
703308.4609,5369895.026,850.8880418
703305.7889,5369914.886,852.6012902
703303.1137,5369934.745,853.0962069
703300.4436,5369954.604,852.1306139
703297.7792,5369974.465,850.4386502
703295.1211,5369994.326,848.8556782
703292.4685,5370014.189,847.7470291
703289.8235,5370034.052,846.0088458
703287.1867,5370053.916,842.6417682
703284.5563,5370073.781,839.0270196
703281.9352,5370093.647,835.9510677
703279.3227,5370113.515,831.8075381
703276.7149,5370133.383,826.4935782
703274.1081,5370153.251,821.7533739
703271.5005,5370173.119,817.5374918
703268.8908,5370192.987,813.568412
703266.2783,5370212.854,811.3482867
703263.6559,5370232.72,812.2677856
703261.024,5370252.585,813.3955987
703258.3884,5370272.449,814.2548279
703255.7539,5370292.314,815.8056383
703253.1219,5370312.179,818.8139451
703250.494,5370332.044,822.5554665
703247.8713,5370351.91,825.651503
703245.2598,5370371.778,828.038205
703242.6608,5370391.647,831.2740434
703240.0655,5370411.517,836.2974504
703237.4665,5370431.386,841.0728359
703234.8589,5370451.254,845.0824994
703232.2394,5370471.121,850.1942118
703229.6093,5370490.986,856.4560772
703226.9596,5370510.848,861.4874696
703224.2843,5370530.707,864.3911171
703221.5975,5370550.565,864.7587166
703218.9107,5370570.422,863.5161564
703216.2294,5370590.281,861.3508093
703213.5579,5370610.14,859.7855198
703210.898,5370630.001,860.0100075
703208.2603,5370649.865,864.2246962
703205.6512,5370669.733,870.9815064
703203.0643,5370689.604,877.6132381
703200.4894,5370709.477,880.5936061
703197.919,5370729.35,881.0814191
703195.35,5370749.223,878.7273618
703192.7782,5370769.095,873.864301
703190.1966,5370788.967,868.6037391
703187.5941,5370808.836,866.6309166
703184.974,5370828.702,868.0916707
703182.3514,5370848.568,868.6169906
703179.7281,5370868.434,867.8671225
703177.1076,5370888.301,866.0482404
703174.491,5370908.167,863.8984519
703171.8809,5370928.035,862.2202988
703169.2851,5370947.905,860.3960293
703166.7019,5370967.776,857.5390731
703164.1225,5370987.648,853.2588961
703161.543,5371007.52,848.1304446
703158.9606,5371027.391,840.9735031
703156.373,5371047.262,834.5256776
703151.1685,5371086.999,815.271309
703148.5489,5371106.866,801.8727292
703145.9198,5371126.731,788.721671
703143.2819,5371146.595,776.8014418
703127.3613,5371265.767,745.5970373
703124.7273,5371285.631,742.0740801
703122.1034,5371305.497,739.0482108
703119.4981,5371325.365,736.1595534
703116.9093,5371345.236,732.8778765
703114.34,5371365.109,729.626056
703111.7935,5371384.985,727.9752983
703101.5957,5371464.488,725.4775291
703099.0187,5371484.36,724.9611224
703096.4164,5371504.229,723.4634259
703093.7897,5371524.095,721.2529562
703091.1435,5371543.957,719.5970281
703088.4765,5371563.818,718.4039557
703085.8003,5371583.677,718.1406946
703083.1127,5371603.534,719.1691572
703080.421,5371623.391,720.5024546
703077.726,5371643.247,722.3782405
703075.03,5371663.104,724.8317849
703072.3408,5371682.961,727.555238
703069.6687,5371702.821,731.3334379
703067.0101,5371722.682,736.0342373
703064.3722,5371742.546,740.5004405
703061.7503,5371762.412,744.1923623
703059.1543,5371782.282,748.0483199
703056.5926,5371802.156,751.6280528
703054.0391,5371822.031,753.4846486
703051.4813,5371841.906,754.0688847
703048.9099,5371861.778,754.5051484
703046.321,5371881.649,755.1074242
703043.7099,5371901.516,755.6537357
703041.0624,5371921.379,756.3017616
703038.3641,5371941.235,757.1153062
703035.6399,5371961.088,757.6402934
703032.9129,5371980.94,757.8741213
703030.1923,5372000.793,757.9764466
703027.4937,5372020.649,755.2983697
703024.8103,5372040.507,752.5024128
703022.1657,5372060.37,753.9807209
703019.5743,5372080.24,757.4014889
703017.0162,5372100.115,758.0616864
703014.473,5372119.991,757.4001177
703011.9357,5372139.869,756.8766998
703009.3959,5372159.746,756.9548786
703006.8445,5372179.621,758.0998141
703413.0817,5369787.617,852.458958
703004.2752,5372199.494,759.9817703
703410.4481,5369807.481,854.1662335
703001.6722,5372219.363,763.1160925
702999.0402,5372239.228,767.0269256
702996.3832,5372259.089,771.7764531
702993.7073,5372278.948,776.8497345
702991.0127,5372298.805,781.1210129
703397.3412,5369906.812,849.3713883
702988.3053,5372318.66,784.8874464
703394.7406,5369926.681,841.22385
702985.5902,5372338.513,787.7400323
702982.8696,5372358.366,790.0640858
702980.1508,5372378.22,792.7285673
702977.4426,5372398.074,795.8291127
703384.3895,5370006.164,815.9970897
702974.753,5372417.932,799.216892
703381.7922,5370026.034,811.3564537
702972.0866,5372437.792,802.4018748
702969.4457,5372457.655,805.0600237
702966.8332,5372477.523,806.9985577
702964.2531,5372497.395,809.1180689
702961.7063,5372517.271,812.1318355
702959.1757,5372537.149,813.9282878
702956.6607,5372557.029,815.608189
703363.3055,5370165.079,770.7934356
702954.1523,5372576.91,818.0991601
702951.6456,5372596.792,820.3786557
702949.1339,5372616.672,822.7988893
702946.6139,5372636.552,825.2831221
703352.6699,5370244.524,769.4922699
702944.0824,5372656.43,827.8696666
702941.5262,5372676.305,831.1172068
702938.9481,5372696.177,834.193709
702936.3406,5372716.045,836.3138234
702933.7098,5372735.91,837.5899283
702931.0535,5372755.771,837.3926919
702928.3661,5372775.629,836.6519388
702925.6451,5372795.482,834.7313901
702922.9248,5372815.335,831.5220326
702920.2133,5372835.189,827.9763615
702917.5198,5372855.046,825.3533528
702914.8502,5372874.906,823.779339
702912.2088,5372894.769,822.5958954
702909.6128,5372914.639,821.4883899
702907.0779,5372934.516,820.2793162
702904.5591,5372954.396,819.0485424
702902.0442,5372974.276,817.8244373
702899.5222,5372994.156,816.6398201
702896.9821,5373014.033,815.7756211
702894.4244,5373033.907,814.6430796
702891.8198,5373053.776,812.7710809
702889.1556,5373073.636,810.6318634
702886.4722,5373093.494,808.3031945
702883.7827,5373113.351,805.6047788
702881.0969,5373133.209,802.5852147
702878.4234,5373153.068,799.22481
702875.7644,5373172.929,795.6451548
702873.1447,5373192.796,791.6809263
702870.5769,5373212.669,786.9010952
702868.0308,5373232.545,782.2052218
702865.4926,5373252.422,779.5798686
702862.9562,5373272.3,775.4523474
702860.4121,5373292.176,765.5169794
702857.8544,5373312.051,758.6050007
702855.2656,5373331.921,754.5249703
702852.6422,5373351.787,752.7284474
702839.3273,5373451.09,727.7162858
702836.6755,5373470.953,725.0117898
702834.0468,5373490.818,723.0858433
702831.4309,5373510.685,720.4613594
702828.8229,5373530.553,719.3024405
702826.2178,5373550.421,718.4299298
703232.4885,5371158.423,760.25388
702823.6138,5373570.289,716.3178336
703229.8512,5371178.287,754.4079594
702821.0085,5373590.158,713.3102828
702818.3971,5373610.025,709.5689822
702815.7798,5373629.892,705.7677011
702813.1519,5373649.757,702.5766333
702810.5167,5373669.622,699.6205063
702807.8734,5373689.485,696.8799306
702805.2251,5373709.347,693.2361358
702802.5745,5373729.21,687.2308261
702799.9216,5373749.072,678.7005199
703206.091,5371357.061,720.5214586
702797.261,5373768.933,668.8523815
703203.4271,5371376.922,717.2422007
702794.6006,5373788.794,660.6818645
703200.7665,5371396.783,714.3504844
703195.4651,5371436.507,711.6718578
703192.8338,5371456.372,711.9426887
703190.2141,5371476.239,712.1805421
702781.565,5373888.134,622.3832025
703187.6143,5371496.108,712.3087948
702779.0573,5373908.015,618.9736767
703185.0363,5371515.98,712.4323563
702776.5682,5373927.899,615.2395034
703182.474,5371535.854,713.0362964
702774.0776,5373947.782,612.9851596
703179.9164,5371555.728,713.9259752
702771.5708,5373967.664,609.1503296
703177.3588,5371575.603,715.5866228
702769.0383,5373987.541,603.4584633
702766.4748,5374007.415,595.0847465
702763.8869,5374027.286,586.107338
702761.2083,5374047.144,585.5980931
702758.4771,5374066.996,586.9900021
702755.7208,5374086.844,587.2244726
702752.9491,5374106.691,586.8418899
703159.1977,5371714.691,723.0860315
702750.1724,5374126.536,586.9296509
702747.4021,5374146.383,587.7029484
702744.6471,5374166.231,587.7228817
702739.2396,5374205.942,585.5941389
702731.3444,5374265.536,581.3283269
702728.7539,5374285.406,580.621286
702726.1747,5374305.278,580.1136155
702723.6065,5374325.151,579.5232637
702721.0458,5374345.025,578.7934989
702718.4846,5374364.899,578.1716381
703125.2262,5371972.966,718.1584216
702715.9176,5374384.773,577.4328389
703122.598,5371992.831,718.5137667
702713.3423,5374404.645,576.6300686
703119.9663,5372012.696,718.9018888
702710.756,5374424.516,575.8291681
702708.1591,5374444.385,574.9438022
702705.5431,5374464.252,573.9516536
702702.902,5374484.116,573.0185893
702700.2574,5374503.979,572.18358
702697.6186,5374523.842,571.3057334
702694.9929,5374543.708,570.3652178
702692.3852,5374563.576,569.4148838
703098.8048,5372171.6,721.2094475
702689.7924,5374583.446,568.475008
702687.2334,5374603.32,567.5278208
702684.7119,5374623.2,566.6272632
703090.8769,5372231.19,738.600387
702682.2062,5374643.081,565.7457806
703088.248,5372251.055,741.1149174
702679.6998,5374662.963,564.8586997
703085.6275,5372270.922,742.6253478
702677.183,5374682.843,563.9880681
703083.0162,5372290.789,744.4406047
702674.6493,5374702.72,563.1423123
703080.4139,5372310.658,747.9443137
702672.0917,5374722.595,562.3122306
702669.4964,5374742.464,561.5085716
703075.2317,5372350.398,754.8167483
702666.8536,5374762.328,560.7814535
703072.6592,5372370.271,758.7065192
702664.1755,5374782.186,560.0181553
703070.0832,5372390.143,763.9740542
702661.4764,5374802.042,559.2110718
703067.4968,5372410.014,770.5866789
702658.7607,5374821.896,558.5082214
702656.0356,5374841.748,557.6669518
702653.3079,5374861.6,556.3327878
703059.6566,5372469.616,785.2996123
702650.5911,5374881.454,550.8783751
703056.9969,5372489.477,791.1220473
702647.8806,5374901.308,545.1489169
703054.3088,5372509.334,798.9555081
702645.1908,5374921.165,542.3875879
703051.6134,5372529.191,806.6179858
702642.5098,5374941.024,540.4963439
703048.9202,5372549.047,811.8289414
702639.8456,5374960.884,540.4757391
703046.2364,5372568.905,814.9700186
702637.1967,5374980.746,540.8499783
703043.5637,5372588.764,817.500229
702634.5633,5375000.611,540.951687
702631.9451,5375020.478,540.9665954
702629.3444,5375040.346,540.8378667
702626.7553,5375060.217,540.6820876
702624.1723,5375080.088,540.5742887
702621.5919,5375099.96,540.5343087
702619.0112,5375119.831,540.4539488
702616.4286,5375139.702,540.3204372
703022.8455,5372747.727,806.4081389
702613.841,5375159.573,540.0594585
703020.2466,5372767.596,803.811577
702611.237,5375179.441,540.1904251
703017.6136,5372787.461,802.7802967
702608.6247,5375199.309,540.4388208
703014.9676,5372807.324,803.2148582
702606.0112,5375219.176,540.4878344
703012.3107,5372827.185,804.4530223
702603.3986,5375239.043,540.6044175
703009.6481,5372847.046,805.8073759
702600.789,5375258.911,540.6499748
703006.9835,5372866.907,807.2677476
702598.1842,5375278.779,540.5323692
703004.32,5372886.767,808.800725
702595.5847,5375298.648,540.1631777
703001.6656,5372906.629,810.313548
702592.9989,5375318.519,540.1450462
702999.0212,5372926.492,811.797406
702590.4239,5375338.391,540.4649536
702996.3887,5372946.357,813.046885
702587.8469,5375358.263,540.923465
702993.7631,5372966.222,813.8262745
702585.2644,5375378.135,540.9874693
702991.1467,5372986.089,813.8972501
702582.6733,5375398.005,540.4640224
702988.5353,5373005.957,813.5393654
702580.0717,5375417.874,539.9129925
702985.9311,5373025.825,812.8264451
702577.4586,5375437.741,539.1041231
702983.3296,5373045.694,812.0431707
702574.8199,5375457.605,538.9436947
702980.7298,5373065.563,810.7603026
702572.1603,5375477.466,539.5070136
702978.1307,5373085.432,809.0115064
702569.4934,5375497.326,539.9050744
702975.5305,5373105.301,807.5084177
702566.8222,5375517.185,539.8174501
702972.9275,5373125.17,806.3574596
702564.1506,5375537.045,539.8537786
702970.3204,5373145.038,805.3195121
702561.4822,5375556.905,539.993539
702967.7081,5373164.905,804.3904235
702558.8198,5375576.765,539.9497897
702965.0907,5373184.772,803.3721826
702556.1702,5375596.628,540.1924122
702962.4707,5373204.638,801.9454147
702553.5342,5375616.492,540.5339789
702959.8452,5373224.504,799.6581038
702550.9087,5375636.357,540.4091051
702957.2123,5373244.368,795.9125228
702548.2914,5375656.224,540.1925059
702954.5719,5373264.232,790.930664
702545.6831,5375676.092,539.3573881
702543.0801,5375695.961,539.0262355
702540.4792,5375715.829,540.1669168
702537.8854,5375735.699,540.5048806
702535.2959,5375755.569,540.3392744
702532.7038,5375775.439,539.830641
702530.0987,5375795.308,539.3273939
702527.4827,5375815.175,539.319176
702524.8489,5375835.039,540.9489755
702519.5418,5375874.763,541.6330312
702516.8516,5375894.62,540.7224351
702514.1592,5375914.477,540.3719068
702511.4835,5375934.335,541.6908081
702508.8223,5375954.196,542.1245213
702908.0743,5373621.914,687.5990954
702905.4161,5373641.775,687.5497448
702894.6185,5373721.198,679.0438241
702891.9157,5373741.054,674.429238
702870.9803,5373899.988,619.8040803
702868.3921,5373919.858,615.2654628
702865.8006,5373939.728,611.716317
702863.2026,5373959.597,609.6877463
702860.5975,5373979.466,606.9114319
702857.9856,5373999.333,602.5108293
702842.1229,5374118.512,579.5461697
702839.4671,5374138.374,577.1330575
702826.2732,5374237.693,580.1651841
702823.6582,5374257.56,579.2980137
702821.0499,5374277.428,578.1680764
702818.4466,5374297.296,577.6161082
702815.85,5374317.166,577.8550494
702813.2587,5374337.036,578.0678679
702810.6695,5374356.906,577.5390616
702808.078,5374376.776,576.7011771
702805.4827,5374396.646,575.8813635
702802.881,5374416.515,575.147836
702800.2751,5374436.383,574.5296225
702797.658,5374456.249,573.9755241
702795.0253,5374476.114,573.1343342
702792.3869,5374495.978,572.1994521
702789.7508,5374515.842,571.2894263
702787.1211,5374535.707,570.457632
702784.4982,5374555.573,569.6132112
702781.8833,5374575.44,568.7792541
702779.2855,5374595.309,567.9006114
702776.7134,5374615.182,567.0062783
702774.1499,5374635.056,566.2228823
702771.5809,5374654.929,565.3843105
702768.9984,5374674.8,564.5301528
702766.3975,5374694.669,563.7055465
702763.7793,5374714.536,562.7820888
702761.1333,5374734.398,561.972012
702758.4427,5374754.255,561.1450704
702755.7283,5374774.109,560.291836
702753.0098,5374793.962,559.4083704
702750.2959,5374813.816,558.8201997
702747.594,5374833.672,558.2835733
702739.6642,5374893.261,543.5409233
702737.0981,5374913.135,540.8226995
702734.5479,5374933.01,540.4428091
702732.0107,5374952.888,540.1274214
702729.4799,5374972.766,540.2156522
702726.948,5374992.644,540.198922
702724.4085,5375012.521,540.2006186
702721.8507,5375032.395,540.3999736
702719.2708,5375052.267,540.4732373
702716.6774,5375072.137,540.2958605
702714.0637,5375092.004,540.1989141
702711.4352,5375111.869,540.018804
702708.7916,5375131.732,540.0030179
702706.1357,5375151.594,540.0255059
702703.4674,5375171.454,539.6744966
702700.7877,5375191.312,539.6589506
702698.1069,5375211.17,539.9541273
702695.4291,5375231.029,539.9958446
702692.7578,5375250.888,540.0053149
702690.0957,5375270.749,539.8275383
702684.8116,5375310.476,539.5538999
702682.199,5375330.343,539.5635717
702679.5935,5375350.211,539.516575
702676.988,5375370.08,539.4785113
702674.3805,5375389.947,539.2689326
702666.5079,5375449.545,538.1813621
702663.8431,5375469.405,538.1502858
702661.1787,5375489.265,538.0448588
702658.5191,5375509.127,538.19886
702655.8703,5375528.989,538.7799069
702653.2322,5375548.853,539.0000693
702650.6115,5375568.719,538.3474188
702648.0148,5375588.588,538.0354851
702645.4584,5375608.463,538.6651204
702632.7241,5375707.843,539.5467013
702630.1488,5375727.715,539.7287924
702627.5555,5375747.585,539.1290954
702624.9463,5375767.453,538.3075083
702622.3197,5375787.318,538.536039
702619.6827,5375807.182,538.8195535
702617.0379,5375827.045,539.1733903
702614.3861,5375846.907,539.3795065
702611.7299,5375866.769,540.5635873
703779.3769,5370770.651,710.9602245
703778.1833,5370750.648,710.9833013
703776.9879,5370730.645,710.9896857
703775.7869,5370710.643,710.983741
703774.5801,5370690.641,710.9501888
703755.3484,5370370.603,710.906625
703754.1495,5370350.6,710.922327
703752.9256,5370330.599,710.9086783
703751.6863,5370310.599,710.9182121
703738.0959,5370090.595,710.9465634
703736.9144,5370070.591,710.963873
703735.7389,5370050.587,710.995955
703734.564,5370030.583,711.0202948
703733.385,5370010.579,711.0259647
703732.1974,5369990.576,711.0097514
703730.9995,5369970.573,710.9852814
703729.7901,5369950.571,710.9728831
703728.562,5369930.571,710.9663086
703727.3124,5369910.571,711.0720596
702250.6275,5371715.617,768.7599198
702247.9747,5371735.48,768.7687757
702245.3424,5371755.345,768.776351
702242.7258,5371775.212,768.7561027
702240.1167,5371795.08,768.8666666
702229.6835,5371874.552,768.823021
702227.0548,5371894.417,768.825989
702224.4169,5371914.282,768.8599749
702221.7747,5371934.145,768.8815766
702219.13,5371954.009,768.8093822
702216.4851,5371973.872,768.783901
702213.8417,5371993.735,768.8218706
702209.8271,5372023.953,768.830777
705346.7372,5372873.589,531.4594816
705344.0922,5372893.452,531.4100982
705341.4356,5372913.313,531.3856829
705338.7674,5372933.172,531.4201939
705311.9594,5373131.75,533.0060056
705309.3574,5373151.619,533.0956859
705306.7693,5373171.489,533.2095903
705304.1927,5373191.36,533.3136357
705233.4888,5373727.743,526.7840887
705230.9864,5373747.625,526.8478712
705228.4697,5373767.504,526.8960331
705225.9313,5373787.381,526.8864084
702352.9686,5371628.117,768.0766387
702350.1074,5371647.952,768.072814
702347.2552,5371667.787,768.0759873
702344.4323,5371687.627,768.1438249
702341.6673,5371707.474,768.3916832
702338.9503,5371727.328,768.6221991
702336.3852,5371746.969,768.7290531
702333.9295,5371766.865,768.7673193
702331.508,5371786.983,768.7799415
702329.1282,5371806.881,768.8114068
702326.738,5371826.778,768.732929
702324.315,5371846.671,768.697357
702321.8516,5371866.558,768.7750559
702319.2795,5371886.431,768.7890107
702316.5788,5371906.287,768.7747914
705489.7652,5372447.862,529.4861614
702313.8571,5371925.814,768.7773578
705487.042,5372467.714,529.7362494
702311.0612,5371945.706,768.7827
705484.3342,5372487.569,529.7193554
702308.2956,5371965.367,768.7389211
705481.6462,5372507.426,529.66827
702305.8154,5371983.067,768.7271879
705478.9847,5372527.286,529.7077551
705476.3456,5372547.149,529.8448299
705473.7586,5372567.019,530.0747155
702297.4758,5372045.252,772.9909564
705471.2199,5372586.896,530.3269746
702294.9686,5372065.133,776.001247
705468.6941,5372606.774,530.4550127
702292.4771,5372085.017,779.0091463
705466.1663,5372626.652,530.5408089
705463.6236,5372646.529,530.6665614
705461.0591,5372666.402,530.7370204
705458.4707,5372686.272,530.7582384
705455.8274,5372706.135,530.7696713
705453.1265,5372725.99,530.7551564
705450.3995,5372745.841,530.7301355
705447.6622,5372765.692,530.754773
705444.9264,5372785.542,530.811984
705442.2018,5372805.394,530.8081927
705439.4944,5372825.249,530.7931588
705436.824,5372845.108,530.822851
705434.2043,5372864.974,530.8616916
705431.6141,5372884.843,530.9639062
705429.0415,5372904.716,531.103143
705426.481,5372924.589,531.2659857
705423.9249,5372944.463,531.4356638
705421.3681,5372964.338,531.5422673
705418.7991,5372984.21,531.6664708
705416.2102,5373004.08,531.8384485
705413.6038,5373023.948,532.006849
705410.9838,5373043.814,532.1892104
705408.3496,5373063.678,532.3470954
705405.7034,5373083.54,532.4656722
705403.0465,5373103.401,532.5673851
705400.3805,5373123.261,532.6376388
705397.707,5373143.12,532.7381293
705395.0292,5373162.978,532.9306664
705392.3521,5373182.836,533.065814
705389.6781,5373202.695,533.1699176
705387.0092,5373222.554,533.3432989
705384.3462,5373242.414,533.5708224
705381.6923,5373262.276,533.8464477
705379.0523,5373282.139,534.169157
705376.4212,5373302.003,534.4026447
705373.7942,5373321.868,534.7439568
705371.1686,5373341.733,535.195436
705368.5448,5373361.598,535.4703047
705365.9203,5373381.464,535.6263164
705363.2943,5373401.329,535.6237742
705360.661,5373421.193,535.4957207
705358.0263,5373441.057,534.7262285
705355.3944,5373460.921,532.9736081
705352.7621,5373480.785,530.8880581
705350.1215,5373500.648,529.8248354
705347.4765,5373520.511,529.4464292
705344.8311,5373540.373,529.3381788
705342.1849,5373560.236,529.2109358
705334.2946,5373619.829,526.3041165
705331.6742,5373639.695,526.3432415
705329.0609,5373659.562,526.4373206
705318.7014,5373739.041,529.8502059
705316.121,5373758.912,529.8081862
705313.5331,5373778.782,529.7349132
702136.7604,5373256.991,633.8089555
705310.9354,5373798.651,529.704221
702134.0455,5373276.845,633.226067
705308.3284,5373818.519,529.6797315
705305.6932,5373838.382,529.6815664
705303.0381,5373858.244,529.6833541
705300.3812,5373878.104,529.622612
705297.7289,5373897.966,529.5032685
705295.0838,5373917.829,529.569113
705292.4486,5373937.692,529.785464
705289.8242,5373957.557,529.7983741
705287.2365,5373977.428,529.6247994
705284.6795,5373997.302,529.4777913
705282.122,5374017.176,529.4455341
705279.5519,5374037.048,529.375155
705276.9641,5374056.918,529.1890988
705274.3469,5374076.785,529.3462638
705271.7049,5374096.648,529.6423931
705269.0105,5374116.503,529.5524069
705266.2621,5374136.353,529.4810005
705244.6733,5374295.196,571.2786006
705242.1714,5374315.077,571.5563705
705226.6916,5374434.304,583.5050025
705224.002,5374454.16,583.8339384
705221.3,5374474.015,584.2011298
705218.5938,5374493.87,584.334486
705215.8885,5374513.724,584.3404752
705199.8806,5374632.881,599.8244886
705197.251,5374652.745,601.3902419
705194.6246,5374672.611,602.8024381
705186.7401,5374732.205,604.8465583
705184.1,5374752.068,606.3383379
705173.4974,5374831.514,609.5558886
705170.8394,5374851.376,609.0816429
705168.18,5374871.236,608.7047235
705165.5202,5374891.097,608.3701682
705144.4803,5375050.012,595.3357975
705141.8651,5375069.879,595.2779028
705139.2533,5375089.746,595.1437813
705049.2207,5375765.056,729.1873743
705046.5713,5375784.918,729.3608389
705043.8968,5375804.777,729.4627904
705041.1909,5375824.631,729.48812
705038.4829,5375844.485,729.4631271